<?xml version="1.0" encoding="UTF-8"?>
<composite name="CCRMQM_EnqueueGenericQuoteMessage" revision="2.0" mode="active" state="on" xmlns="http://xmlns.oracle.com/sca/1.0" xmlns:ui="http://xmlns.oracle.com/soa/designer/"
           xmlns:xs="http://www.w3.org/2001/XMLSchema">
    <import location="CCRMQM_EnqueueGenericQuoteMessage.wsdl" namespace="http://xmlns.oracle.com/CCRMQM_EnqueueGenericQuoteMessage"/>
    <import location="Enqueue_GenQuoteServ.wsdl" namespace="http://xmlns.oracle.com/pcbpel/adapter/mq/headerEnqueue_GenQuoteServ/"/>
    <import namespace="http://xmlns.oracle.com/CCRMQM_QuoteStatusDispatcher"
            location="http://inkaban3ua-eai05:8000/soa-infra/services/CRMASYNC/CCRMQM_QuoteStatusDispatcher/CCRMQM_QuoteStatusDispatcher.wsdl"
            importType="wsdl"/>
    <service ui:wsdlLocation="CCRMQM_EnqueueGenericQuoteMessage.wsdl" name="client">
        <interface.wsdl interface="http://xmlns.oracle.com/CCRMQM_EnqueueGenericQuoteMessage#wsdl.interface(CCRMQM_EnqueueGenericQuoteMessage)" callbackInterface="http://xmlns.oracle.com/CCRMQM_EnqueueGenericQuoteMessage#wsdl.interface(CCRMQM_EnqueueGenericQuoteMessageCallback)" xmlns:ns="http://xmlns.oracle.com/sca/1.0"/>
        <binding.ws port="http://xmlns.oracle.com/CCRMQM_EnqueueGenericQuoteMessage#wsdl.endpoint(CCRMQM_EnqueueGenericQuoteMessage/CCRMQM_EnqueueGenericQuoteMessage)" xmlns:ns="http://xmlns.oracle.com/sca/1.0"/>
    </service>
    <component name="CCRMQM_EnqueueGenericQuoteMessage">
        <implementation.bpel src="CCRMQM_EnqueueGenericQuoteMessage.bpel"/>
        <property name="bpel.config.sensorLocation">CCRMQM_EnqueueGenericQuoteMessage_sensor.xml</property>
        <property name="bpel.config.sensorActionLocation">CCRMQM_EnqueueGenericQuoteMessage_sensorAction.xml</property>
    </component>
    <reference ui:wsdlLocation="http://inkaban3ua-eai05:8000/soa-infra/services/CRMASYNC/CCRMQM_QuoteStatusDispatcher/CCRMQM_QuoteStatusDispatcher.wsdl" name="CCRMQM_QuoteStatusDispatcher">
        <interface.wsdl interface="http://xmlns.oracle.com/CCRMQM_QuoteStatusDispatcher#wsdl.interface(CCRMQM_QuoteStatusDispatcher)"
                        callbackInterface="http://xmlns.oracle.com/CCRMQM_QuoteStatusDispatcher#wsdl.interface(CCRMQM_QuoteStatusDispatcherCallback)"/>
        <binding.ws port="http://xmlns.oracle.com/CCRMQM_QuoteStatusDispatcher#wsdl.endpoint(CCRMQM_QuoteStatusDispatcher/CCRMQM_QuoteStatusDispatcher)"
                    location="http://inkaban3ua-eai05:8000/soa-infra/services/CRMASYNC/CCRMQM_QuoteStatusDispatcher/CCRMQM_QuoteStatusDispatcher?WSDL"
                    soapVersion="1.1">
            <property name="weblogic.wsee.wsat.transaction.flowOption"
                      type="xs:string" many="false">WSDLDriven</property>
        </binding.ws>
        <callback>
            <binding.ws port="http://xmlns.oracle.com/CCRMQM_QuoteStatusDispatcher#wsdl.endpoint(CCRMQM_QuoteStatusDispatcher/CCRMQM_QuoteStatusDispatcherCallback_pt)"/>
        </callback>
    </reference>
    <reference ui:wsdlLocation="Enqueue_GenQuoteServ.wsdl" name="Enqueue_GenQuoteServ">
        <interface.wsdl interface="http://xmlns.oracle.com/pcbpel/adapter/mq/headerEnqueue_GenQuoteServ/#wsdl.interface(Enqueue_ptt)" xmlns:ns="http://xmlns.oracle.com/sca/1.0"/>
        <binding.jca config="Enqueue_GenQuoteServ_mq.jca">
            <property name="jca.retry.interval">60</property>
        </binding.jca>
    </reference>
    <wire>
        <source.uri>client</source.uri>
        <target.uri>CCRMQM_EnqueueGenericQuoteMessage/client</target.uri>
    </wire>
    <wire>
        <source.uri>CCRMQM_EnqueueGenericQuoteMessage/CCRMQM_QuoteStatusDispatcher</source.uri>
        <target.uri>CCRMQM_QuoteStatusDispatcher</target.uri>
    </wire>
    <wire>
        <source.uri>CCRMQM_EnqueueGenericQuoteMessage/Enqueue_GenQuoteServ</source.uri>
        <target.uri>Enqueue_GenQuoteServ</target.uri>
    </wire>
</composite>