<?xml version = '1.0' encoding = 'UTF-8'?>
<BPELSuitcase>
   <BPELProcess id="CCRMQM_QuoteStatusDispatcher" src="CCRMQM_QuoteStatusDispatcher.bpel">
      <partnerLinkBindings>
         <partnerLinkBinding name="CCRMQM_QuoteStatusDispatcher">
            <property name="wsdlLocation">CCRMQM_QuoteStatusDispatcher.wsdl</property>
         </partnerLinkBinding>
         <partnerLinkBinding name="ESOQM_PropagateQuoteSubmitStatus">
            <property name="wsdlLocation">http://inkaban3ua-eai01:7777/orabpel/ccrmasync/ESOQM_PropagateQuoteSubmitStatus/ESOQM_PropagateQuoteSubmitStatus?wsdl</property>
         </partnerLinkBinding>
      </partnerLinkBindings>
   </BPELProcess>
</BPELSuitcase>
