<?xml version="1.0" encoding="UTF-8" standalone="yes" ?>

<project name="ESBMetadataDeploymentTestProject" default="usage" basedir=".">

<!-- - - - - - - - - - - - - - - - - - - - - - - - - - - - - - - - - - - - - -
   - PROPERTIES
   - - - - - - - - - - - - - - - - - - - - - - - - - - - - - - - - - - - - -->

    


<!-- - - - - - - - - - - - - - - - - - - - - - - - - - - - - - - - - - - - - -
   - Import, to enable the custom ESB Metadata Deployment ant tasks ...
   - - - - - - - - - - - - - - - - - - - - - - - - - - - - - - - - - - - - -->

    <property environment="env"/>
    

<!-- Use deployment related default properties -->

    <property file="${env.EAI_HOME}\${env.EAI_BUILD_DEPLOY}.buildDeployProperties"/>  
    <import file="${env.ESB_HOME}\ESBMetadataMigrationTaskdefs.xml"/>
    <property name="esbProjectToDeploy" value="${basedir}"/>
    <property name="deploymentPlanFilename" value="${basedir}/deploymentPlan.xml"/>
    
<!-- - - - - - - - - - - - - - - - - - - - - - - - - - - - - - - - - - - - - -
   - TEST Deployment Automation
   - - - - - - - - - - - - - - - - - - - - - - - - - - - - - - - - - - - - -->

    <target name="test.DeployESBProjects">
    
	<deployESBProjects esbMetadataServerHostname="${hostname}"
			           esbMetadataServerPort="${http.port}"
	                           userName="${admin.user}"
                           password="${admin.password}">
	    <esbProject directory="${basedir}"/>
	</deployESBProjects>
    </target>

    
<!-- - - - - - - - - - - - - - - - - - - - - - - - - - - - - - - - - - - - - -
   - TEST Metadata Promotion to different ESB Metadata Servers (environments).
   - - - - - - - - - - - - - - - - - - - - - - - - - - - - - - - - - - - - -->

    <target name="ExtractESBDeploymentPlan">
        <delete file="${deploymentPlanFilename}" verbose="true"/>  
        <extractESBDeploymentPlan sourceDir="${esbProjectToDeploy}" deploymentPlanFile="${deploymentPlanFilename}"/>

    </target>

	<import file="${env.BPEL_HOME}/utilities/replace_hosts.xml" /> 

    <target name="DeployESBSuitcase" depends="ModifyESBDeploymentPlan">
	
    
    <replace dir="${basedir}" token="inkaban3ua-eai01:7777" value="${http.hostname}:${http.port}">
    	      		      <include name="**/*.xsd"/>
    	      		     
	        </replace>
	        
	<deployESBSuitcase esbMetadataServerHostname="${hostname}"
            esbMetadataServerPort="${http.port}"                                    
            sourceDirectory="${esbProjectToDeploy}"
            deploymentPlanFilename="${deploymentPlanFilename}"
            forcedDeployment="true"/>
    </target>
    
     <target name="ModifyESBDeploymentPlan">
          
          <replaceregexp file="${deploymentPlanFilename}"
    	                 match="http://[^/]*/"
    	                 replace="http://${http.hostname}:${http.port}/"
                         byline="true" />

 		   <if>
			<equals arg1="${cluster}" arg2="true" />
			<then>
	  		 	<replaceregexp file="${deploymentPlanFilename}"
    	                 	match="TOPIC_CONN_FACTORY"
    	                 	replace="OracleOJMS/XATCF"
                         	byline="true" />
	  		 	<replaceregexp file="${deploymentPlanFilename}"
    	                 	match="TOPIC_LOCATION"
    	                 	replace="ESBTopics/Topics/ESB_JAVA_DEFERRED"
                         	byline="true" />
			</then>
			<else>
	   			<replaceregexp file="${deploymentPlanFilename}"
    	                 	match="TOPIC_CONN_FACTORY"
    	                 	replace="OracleASjms/MyXATCF"
                         	byline="true" />
	   			<replaceregexp file="${deploymentPlanFilename}"
    	                 	match="TOPIC_LOCATION"
    	                 	replace="OracleASjms/ESBDeferredTopic"
                         	byline="true" />
			</else>
		 </if>

          <replaceregexp file="${deploymentPlanFilename}"
    	                 match="EAIESBHOST"
    	                 replace="${http.hostname}"
                         byline="true" />
          <replaceregexp file="${deploymentPlanFilename}"
    	                 match="EAIESBPORT"
    	                 replace="${http.port}"
                         byline="true" />
    </target>

<!-- - - - - - - - - - - - - - - - - - - - - - - - - - - - - - - - - - - - - -
   - USAGE
   - - - - - - - - - - - - - - - - - - - - - - - - - - - - - - - - - - - - -->

    <target name="usage">
	<exec executable="ant" dir="${basedir}" vmlauncher="false">
	    <arg value="-projecthelp"/>
	</exec>
    </target>

</project>
