<?xml version="1.0" encoding="UTF-8" standalone="yes"?>
<deploymentPlan>

    <systemDeploymentPlan qname="ESO">
       <!-- <deferredQueueName topicConnectionFactory="OracleASjms/MyXATCF" numberOfListeners="1">OracleASjms/ESBDeferredTopic</deferredQueueName>-->
	<deferredQueueName topicConnectionFactory="TOPIC_CONN_FACTORY" numberOfListeners="1">TOPIC_LOCATION</deferredQueueName>
	   <properties>
           <property value="esb" name="clusterName"/>
            <property value="" name="Fax"/>
            <property value="" name="Mobile"/>
            <property value="EAIESBHOST" name="Host"/>
            <property value="" name="Phone"/>
            <property value="" name="Pager"/>
            <property value="" name="Email"/>
            <property value="EAIESBPORT" name="Port"/>
         </properties>
    </systemDeploymentPlan>

	<serviceDeploymentPlan qname="ESO.ESOQM_QuoteCreationServRS" status="ENABLED">
        <parent type="system" qname="ESO"/>
        <properties>
            <serviceDefinition>
 		  <property value="http://inkaban3ua-eai01:7777/event/ESO/ESOQM_QuoteCreationServRS" name="soapEndpointURI"/> 
            </serviceDefinition>
        </properties>
      </serviceDeploymentPlan>
    <serviceDeploymentPlan qname="ESO.PropagateQuoteRequestSoapService" status="ENABLED">
        <parent type="system" qname="ESO"/>
        <properties>
        <serviceDefinition>
            <property value="http://inkaban3ua-eai01:7777/orabpel/ccrmsync/CCRMQM_PropagateQuoteRequestMsg/CCRMQM_PropagateQuoteRequestMsg?wsdl" name="wsdlURL"/>
            <property value="http://inkaban3ua-eai01:7777/event/ESO/PropagateQuoteRequestSoapService" name="soapEndpointURI"/> 
            </serviceDefinition>
        </properties>
    </serviceDeploymentPlan>
</deploymentPlan>