<?xml version = '1.0' encoding = 'UTF-8'?>
<graphics>
   <partnerlink_locations>
      <partnerlink name="client" x="15" y="93" side="left"/>
      <partnerlink name="Enqueue_GenQuoteServ" x="1094" y="358" side="right" image="mq_adapter_palette.png"/>
      <partnerlink name="CCRMQM_QuoteStatusDispatcher" x="1094" y="484" side="right"/>
   </partnerlink_locations>
   <diagram popupeditor="false" fixed_width_swimlanes="true" rounded_partnerlinks="true" centerzoom="true" validateonload="true" confirmbeforedelete="true" SELECTED_PARTNERLINK_COLOR="0,0,153" SWIMLANE_BACKGROUND="240,240,240" SWIMLANE_DIVIDER_BACKGROUND="218,218,218" GRAPH_BACKGROUND="255,255,255" SELECTED_BORDER_BACKGROUND="0,153,153" CONNECTED_PARTNERLINK_COLOR="204,204,255" CONNECTABLE_PARTNERLINK_COLOR="0,0,255" UNCONNECTED_PARTNERLINK_COLOR="192,192,192"/>
   <graph_layout viewport="0,0,891,659" show_swimlanes="true">
      <layout_item collapsed="false" xpath="/process/process" type="Process" showhandlers="true"/>
      <layout_item collapsed="false" xpath="/process/sequence" type="Sequence"/>
      <layout_item collapsed="false" xpath="/process/sequence/scope" type="Scope" showhandlers="true"/>
      <layout_item collapsed="false" xpath="/process/sequence/scope/faultHandlers/catch" type="Catch"/>
      <layout_item collapsed="false" xpath="/process/sequence/scope/faultHandlers/catch/sequence" type="Sequence"/>
      <layout_item collapsed="false" xpath="/process/sequence/scope/faultHandlers/catchAll" type="CatchAll"/>
      <layout_item collapsed="false" xpath="/process/sequence/scope/faultHandlers/catchAll/sequence" type="Sequence"/>
      <layout_item collapsed="false" xpath="/process/sequence/scope/sequence" type="Sequence"/>
      <layout_item collapsed="false" xpath="/process/sequence/switch" type="Switch"/>
      <layout_item collapsed="false" xpath="/process/sequence/switch/case" type="Case"/>
      <layout_item collapsed="false" xpath="/process/sequence/switch/otherwise" type="Default"/>
   </graph_layout>
   <iconize assign="no" invoke="no" receive="no" reply="no" transform="no" terminate="no" wait="no" compensate="no" empty="no" java_embed="no" throw="no" validate="no" dropzones="no" sequences="no" scopes="no" picks="no" whiles="no" flows="no" optimize="no"/>
   <bookmarks/>
</graphics>
