<?xml version = '1.0' encoding = 'UTF-8'?>
<metadata>
   <system name="DefaultSystem" guid="96DD76C0971311DABF1A87858E4395A7" qname="DefaultSystem" status="ENABLED">
      <versionInfo>
         <ID>1308137447836</ID>
         <lastModifiedTime>Wed Jun 15 17:00:47 IST 2011</lastModifiedTime>
         <lastModifiedUser>oc4jadmin</lastModifiedUser>
      </versionInfo>
   </system>
   <system name="CPFG" guid="3E82147012F611DDBFC5ED2AC3F288D6" qname="CPFG" status="ENABLED">
      <versionInfo>
         <ID>1304444050691</ID>
         <lastModifiedTime>Tue May 03 23:04:10 IST 2011</lastModifiedTime>
         <lastModifiedUser>oc4jadmin</lastModifiedUser>
      </versionInfo>
   </system>
   <system name="CCRMQM" guid="5A3C03E01D9811DDBF8D2F084BE52D28" qname="CCRMQM" status="ENABLED">
      <versionInfo>
         <ID>1304444089157</ID>
         <lastModifiedTime>Tue May 03 23:04:49 IST 2011</lastModifiedTime>
         <lastModifiedUser>oc4jadmin</lastModifiedUser>
      </versionInfo>
   </system>
   <system name="CPFGEF" guid="73EB8F0012DE11DDBF24935012F9EAD6" qname="CPFGEF" status="ENABLED">
      <versionInfo>
         <ID>1304444114139</ID>
         <lastModifiedTime>Tue May 03 23:05:14 IST 2011</lastModifiedTime>
         <lastModifiedUser>oc4jadmin</lastModifiedUser>
      </versionInfo>
   </system>
   <system name="CSACM" guid="B3974670481D11DDBF8A7FC334E82425" qname="CSACM" status="ENABLED">
      <versionInfo>
         <ID>1304444585847</ID>
         <lastModifiedTime>Tue May 03 23:13:05 IST 2011</lastModifiedTime>
         <lastModifiedUser>oc4jadmin</lastModifiedUser>
      </versionInfo>
   </system>
   <system name="CCRMMG" guid="F6B76CC0204211DEAF5FAB13570FB48A" qname="CCRMMG" status="ENABLED">
      <versionInfo>
         <ID>1304444161890</ID>
         <lastModifiedTime>Tue May 03 23:06:01 IST 2011</lastModifiedTime>
         <lastModifiedUser>oc4jadmin</lastModifiedUser>
      </versionInfo>
   </system>
   <system name="CSUOM" guid="D990A8F056B111DEBFE7E79635DA43EC" qname="CSUOM" status="ENABLED">
      <versionInfo>
         <ID>1306147674125</ID>
         <lastModifiedTime>Mon May 23 16:17:54 IST 2011</lastModifiedTime>
         <lastModifiedUser>JDev_temp_CRM61OM_UOM_SystemGroupCreation_inkaban3ua-eai01</lastModifiedUser>
      </versionInfo>
   </system>
   <system name="CSZKNOVA" guid="056D7F614F6B11DDBFBED135B6BBC00D" qname="CSZKNOVA" status="ENABLED">
      <versionInfo>
         <ID>1304444215630</ID>
         <lastModifiedTime>Tue May 03 23:06:55 IST 2011</lastModifiedTime>
         <lastModifiedUser>oc4jadmin</lastModifiedUser>
      </versionInfo>
   </system>
   <system name="TTMG" guid="8C5C4081204211DEAF5FAB13570FB48A" qname="TTMG" status="ENABLED">
      <versionInfo>
         <ID>1304444232890</ID>
         <lastModifiedTime>Tue May 03 23:07:12 IST 2011</lastModifiedTime>
         <lastModifiedUser>oc4jadmin</lastModifiedUser>
      </versionInfo>
   </system>
   <system name="ATHUOM" guid="D2BAA12156B111DEBFE7E79635DA43EC" qname="ATHUOM" status="ENABLED">
      <versionInfo>
         <ID>1316696237529</ID>
         <lastModifiedTime>Thu Sep 22 18:27:17 IST 2011</lastModifiedTime>
         <lastModifiedUser>oc4jadmin</lastModifiedUser>
      </versionInfo>
   </system>
   <system name="CPFGAM" guid="B0F348F08DC211DF8F5115A888236B26" qname="CPFGAM" status="ENABLED">
      <versionInfo>
         <ID>1304444315142</ID>
         <lastModifiedTime>Tue May 03 23:08:35 IST 2011</lastModifiedTime>
         <lastModifiedUser>oc4jadmin</lastModifiedUser>
      </versionInfo>
   </system>
   <system name="TOMAM" guid="73B381808DC211DF8F5115A888236B26" qname="TOMAM" status="ENABLED">
      <versionInfo>
         <ID>1304444324308</ID>
         <lastModifiedTime>Tue May 03 23:08:44 IST 2011</lastModifiedTime>
         <lastModifiedUser>oc4jadmin</lastModifiedUser>
      </versionInfo>
   </system>
   <system name="TOM" guid="E1D67860202911DDBF8D2F084BE52D28" qname="TOM" status="ENABLED">
      <versionInfo>
         <ID>1304444334480</ID>
         <lastModifiedTime>Tue May 03 23:08:54 IST 2011</lastModifiedTime>
         <lastModifiedUser>oc4jadmin</lastModifiedUser>
      </versionInfo>
   </system>
   <system name="CCRMOP" guid="D0E5C6F1267D11DDBFE101FBFCA02553" qname="CCRMOP" status="ENABLED">
      <versionInfo>
         <ID>1304444346457</ID>
         <lastModifiedTime>Tue May 03 23:09:06 IST 2011</lastModifiedTime>
         <lastModifiedUser>oc4jadmin</lastModifiedUser>
      </versionInfo>
   </system>
   <system name="BPELSystem" guid="4A2264B0541411DDBFE1A19FAF2D7665" qname="BPELSystem" status="ENABLED">
      <versionInfo>
         <ID>1304444363215</ID>
         <lastModifiedTime>Tue May 03 23:09:23 IST 2011</lastModifiedTime>
         <lastModifiedUser>oc4jadmin</lastModifiedUser>
      </versionInfo>
      <serviceGroup name="ccrmasync" guid="18C26BF075DA11E0BFCD0FC763C2C840" qname="BPELSystem.ccrmasync" status="ENABLED">
         <versionInfo>
            <ID>1304464040434</ID>
            <lastModifiedTime>Wed May 04 04:37:20 IST 2011</lastModifiedTime>
            <lastModifiedUser>oc4jadmin</lastModifiedUser>
         </versionInfo>
         <parent guid="4A2264B0541411DDBFE1A19FAF2D7665" qname="BPELSystem" type="system"/>
         <serviceGroup name="SAPOM_UserCreation" guid="18C5793075DA11E0BFCD0FC763C2C840" qname="BPELSystem.ccrmasync.SAPOM_UserCreation" status="ENABLED">
            <versionInfo>
               <ID>1304464040434</ID>
               <lastModifiedTime>Wed May 04 04:37:20 IST 2011</lastModifiedTime>
               <lastModifiedUser>oc4jadmin</lastModifiedUser>
            </versionInfo>
            <parent guid="18C26BF075DA11E0BFCD0FC763C2C840" qname="BPELSystem.ccrmasync" type="serviceGroup"/>
         </serviceGroup>
         <serviceGroup name="SAPOM_EventManager" guid="3087525075DA11E0BFCD0FC763C2C840" qname="BPELSystem.ccrmasync.SAPOM_EventManager" status="ENABLED">
            <versionInfo>
               <ID>1304464079930</ID>
               <lastModifiedTime>Wed May 04 04:37:59 IST 2011</lastModifiedTime>
               <lastModifiedUser>oc4jadmin</lastModifiedUser>
            </versionInfo>
            <parent guid="18C26BF075DA11E0BFCD0FC763C2C840" qname="BPELSystem.ccrmasync" type="serviceGroup"/>
         </serviceGroup>
         <serviceGroup name="SAPOM_Invoker" guid="4E06E57075DA11E0BFCD0FC763C2C840" qname="BPELSystem.ccrmasync.SAPOM_Invoker" status="ENABLED">
            <versionInfo>
               <ID>1304464129438</ID>
               <lastModifiedTime>Wed May 04 04:38:49 IST 2011</lastModifiedTime>
               <lastModifiedUser>oc4jadmin</lastModifiedUser>
            </versionInfo>
            <parent guid="18C26BF075DA11E0BFCD0FC763C2C840" qname="BPELSystem.ccrmasync" type="serviceGroup"/>
         </serviceGroup>
         <serviceGroup name="CCRMOM_PropagateOrderStatus" guid="65B02D8075DA11E0BFCD0FC763C2C840" qname="BPELSystem.ccrmasync.CCRMOM_PropagateOrderStatus" status="ENABLED">
            <versionInfo>
               <ID>1304464169127</ID>
               <lastModifiedTime>Wed May 04 04:39:29 IST 2011</lastModifiedTime>
               <lastModifiedUser>oc4jadmin</lastModifiedUser>
            </versionInfo>
            <parent guid="18C26BF075DA11E0BFCD0FC763C2C840" qname="BPELSystem.ccrmasync" type="serviceGroup"/>
         </serviceGroup>
         <serviceGroup name="CCRMTF_PropagateOrderStatus" guid="77DB0E8075DA11E0BFCD0FC763C2C840" qname="BPELSystem.ccrmasync.CCRMTF_PropagateOrderStatus" status="ENABLED">
            <versionInfo>
               <ID>1304464199595</ID>
               <lastModifiedTime>Wed May 04 04:39:59 IST 2011</lastModifiedTime>
               <lastModifiedUser>oc4jadmin</lastModifiedUser>
            </versionInfo>
            <parent guid="18C26BF075DA11E0BFCD0FC763C2C840" qname="BPELSystem.ccrmasync" type="serviceGroup"/>
         </serviceGroup>
         <serviceGroup name="CPFGOM_OrderManager" guid="8DCB34E075DA11E0BFCD0FC763C2C840" qname="BPELSystem.ccrmasync.CPFGOM_OrderManager" status="ENABLED">
            <versionInfo>
               <ID>1304464236403</ID>
               <lastModifiedTime>Wed May 04 04:40:36 IST 2011</lastModifiedTime>
               <lastModifiedUser>oc4jadmin</lastModifiedUser>
            </versionInfo>
            <parent guid="18C26BF075DA11E0BFCD0FC763C2C840" qname="BPELSystem.ccrmasync" type="serviceGroup"/>
         </serviceGroup>
         <serviceGroup name="CPFGOM_OrderSplitter" guid="A5171AB075DA11E0BFCD0FC763C2C840" qname="BPELSystem.ccrmasync.CPFGOM_OrderSplitter" status="ENABLED">
            <versionInfo>
               <ID>1304464275491</ID>
               <lastModifiedTime>Wed May 04 04:41:15 IST 2011</lastModifiedTime>
               <lastModifiedUser>oc4jadmin</lastModifiedUser>
            </versionInfo>
            <parent guid="18C26BF075DA11E0BFCD0FC763C2C840" qname="BPELSystem.ccrmasync" type="serviceGroup"/>
         </serviceGroup>
         <serviceGroup name="CSOM_COMPASSOrderFulfilment" guid="C59520C075DA11E0BFCD0FC763C2C840" qname="BPELSystem.ccrmasync.CSOM_COMPASSOrderFulfilment" status="ENABLED">
            <versionInfo>
               <ID>1304464330015</ID>
               <lastModifiedTime>Wed May 04 04:42:10 IST 2011</lastModifiedTime>
               <lastModifiedUser>oc4jadmin</lastModifiedUser>
            </versionInfo>
            <parent guid="18C26BF075DA11E0BFCD0FC763C2C840" qname="BPELSystem.ccrmasync" type="serviceGroup"/>
         </serviceGroup>
         <serviceGroup name="CSOM_OrderBatcher" guid="3190882075DE11E0BFCD0FC763C2C840" qname="BPELSystem.ccrmasync.CSOM_OrderBatcher" status="ENABLED">
            <versionInfo>
               <ID>1304465799676</ID>
               <lastModifiedTime>Wed May 04 05:06:39 IST 2011</lastModifiedTime>
               <lastModifiedUser>oc4jadmin</lastModifiedUser>
            </versionInfo>
            <parent guid="18C26BF075DA11E0BFCD0FC763C2C840" qname="BPELSystem.ccrmasync" type="serviceGroup"/>
         </serviceGroup>
         <serviceGroup name="CCRMOM_OrderRequestValidatorStub" guid="432DA81075DE11E0BFCD0FC763C2C840" qname="BPELSystem.ccrmasync.CCRMOM_OrderRequestValidatorStub" status="ENABLED">
            <versionInfo>
               <ID>1304465829193</ID>
               <lastModifiedTime>Wed May 04 05:07:09 IST 2011</lastModifiedTime>
               <lastModifiedUser>oc4jadmin</lastModifiedUser>
            </versionInfo>
            <parent guid="18C26BF075DA11E0BFCD0FC763C2C840" qname="BPELSystem.ccrmasync" type="serviceGroup"/>
         </serviceGroup>
         <serviceGroup name="CSOM_OrderSplitter" guid="66D43E5075DE11E0BFCD0FC763C2C840" qname="BPELSystem.ccrmasync.CSOM_OrderSplitter" status="ENABLED">
            <versionInfo>
               <ID>1304465889042</ID>
               <lastModifiedTime>Wed May 04 05:08:09 IST 2011</lastModifiedTime>
               <lastModifiedUser>oc4jadmin</lastModifiedUser>
            </versionInfo>
            <parent guid="18C26BF075DA11E0BFCD0FC763C2C840" qname="BPELSystem.ccrmasync" type="serviceGroup"/>
         </serviceGroup>
         <serviceGroup name="OM_OrderDispatcher" guid="973AFD9075DE11E0BFCD0FC763C2C840" qname="BPELSystem.ccrmasync.OM_OrderDispatcher" status="ENABLED">
            <versionInfo>
               <ID>1304465970315</ID>
               <lastModifiedTime>Wed May 04 05:09:30 IST 2011</lastModifiedTime>
               <lastModifiedUser>oc4jadmin</lastModifiedUser>
            </versionInfo>
            <parent guid="18C26BF075DA11E0BFCD0FC763C2C840" qname="BPELSystem.ccrmasync" type="serviceGroup"/>
         </serviceGroup>
         <serviceGroup name="CCRMOM_RouteToDispatcher" guid="BE02F81075DE11E0BFCD0FC763C2C840" qname="BPELSystem.ccrmasync.CCRMOM_RouteToDispatcher" status="ENABLED">
            <versionInfo>
               <ID>1304466035291</ID>
               <lastModifiedTime>Wed May 04 05:10:35 IST 2011</lastModifiedTime>
               <lastModifiedUser>oc4jadmin</lastModifiedUser>
            </versionInfo>
            <parent guid="18C26BF075DA11E0BFCD0FC763C2C840" qname="BPELSystem.ccrmasync" type="serviceGroup"/>
         </serviceGroup>
         <serviceGroup name="CCRMOM_DequeueNValidateOrderRequest" guid="D10944F075DE11E0BFCD0FC763C2C840" qname="BPELSystem.ccrmasync.CCRMOM_DequeueNValidateOrderRequest" status="ENABLED">
            <versionInfo>
               <ID>1304466067201</ID>
               <lastModifiedTime>Wed May 04 05:11:07 IST 2011</lastModifiedTime>
               <lastModifiedUser>oc4jadmin</lastModifiedUser>
            </versionInfo>
            <parent guid="18C26BF075DA11E0BFCD0FC763C2C840" qname="BPELSystem.ccrmasync" type="serviceGroup"/>
         </serviceGroup>
         <serviceGroup name="TF_ManageQuote" guid="EC68B73075DE11E0BFCD0FC763C2C840" qname="BPELSystem.ccrmasync.TF_ManageQuote" status="ENABLED">
            <versionInfo>
               <ID>1304466113124</ID>
               <lastModifiedTime>Wed May 04 05:11:53 IST 2011</lastModifiedTime>
               <lastModifiedUser>oc4jadmin</lastModifiedUser>
            </versionInfo>
            <parent guid="18C26BF075DA11E0BFCD0FC763C2C840" qname="BPELSystem.ccrmasync" type="serviceGroup"/>
         </serviceGroup>
         <serviceGroup name="CCRMDAD_SubmitDraftQuoteMessage" guid="FD7A600075DE11E0BFCD0FC763C2C840" qname="BPELSystem.ccrmasync.CCRMDAD_SubmitDraftQuoteMessage" status="ENABLED">
            <versionInfo>
               <ID>1304466141755</ID>
               <lastModifiedTime>Wed May 04 05:12:21 IST 2011</lastModifiedTime>
               <lastModifiedUser>oc4jadmin</lastModifiedUser>
            </versionInfo>
            <parent guid="18C26BF075DA11E0BFCD0FC763C2C840" qname="BPELSystem.ccrmasync" type="serviceGroup"/>
         </serviceGroup>
         <serviceGroup name="EDTKDAD_DequeuedraftQuote" guid="1261C8F075DF11E0BFCD0FC763C2C840" qname="BPELSystem.ccrmasync.EDTKDAD_DequeuedraftQuote" status="ENABLED">
            <versionInfo>
               <ID>1304466176825</ID>
               <lastModifiedTime>Wed May 04 05:12:56 IST 2011</lastModifiedTime>
               <lastModifiedUser>oc4jadmin</lastModifiedUser>
            </versionInfo>
            <parent guid="18C26BF075DA11E0BFCD0FC763C2C840" qname="BPELSystem.ccrmasync" type="serviceGroup"/>
         </serviceGroup>
         <serviceGroup name="SFDCOP_Invoker" guid="41899F9075DF11E0BFCD0FC763C2C840" qname="BPELSystem.ccrmasync.SFDCOP_Invoker" status="ENABLED">
            <versionInfo>
               <ID>1304466255985</ID>
               <lastModifiedTime>Wed May 04 05:14:15 IST 2011</lastModifiedTime>
               <lastModifiedUser>oc4jadmin</lastModifiedUser>
            </versionInfo>
            <parent guid="18C26BF075DA11E0BFCD0FC763C2C840" qname="BPELSystem.ccrmasync" type="serviceGroup"/>
         </serviceGroup>
         <serviceGroup name="CCRMOP_SubmitOpportunity" guid="73BE6870762911E0BFCD0FC763C2C840" qname="BPELSystem.ccrmasync.CCRMOP_SubmitOpportunity" status="ENABLED">
            <versionInfo>
               <ID>1304498122940</ID>
               <lastModifiedTime>Wed May 04 14:05:22 IST 2011</lastModifiedTime>
               <lastModifiedUser>oc4jadmin</lastModifiedUser>
            </versionInfo>
            <parent guid="18C26BF075DA11E0BFCD0FC763C2C840" qname="BPELSystem.ccrmasync" type="serviceGroup"/>
         </serviceGroup>
         <serviceGroup name="TRUSTOP_OpportunityManager" guid="8FE79350762911E0BFCD0FC763C2C840" qname="BPELSystem.ccrmasync.TRUSTOP_OpportunityManager" status="ENABLED">
            <versionInfo>
               <ID>1304498170196</ID>
               <lastModifiedTime>Wed May 04 14:06:10 IST 2011</lastModifiedTime>
               <lastModifiedUser>oc4jadmin</lastModifiedUser>
            </versionInfo>
            <parent guid="18C26BF075DA11E0BFCD0FC763C2C840" qname="BPELSystem.ccrmasync" type="serviceGroup"/>
         </serviceGroup>
         <serviceGroup name="OM_OrderRuleManager" guid="5897AFD076E111E09F48274A99C2734C" qname="BPELSystem.ccrmasync.OM_OrderRuleManager" status="ENABLED">
            <versionInfo>
               <ID>1304577104805</ID>
               <lastModifiedTime>Thu May 05 12:01:44 IST 2011</lastModifiedTime>
               <lastModifiedUser>oc4jadmin</lastModifiedUser>
            </versionInfo>
            <parent guid="18C26BF075DA11E0BFCD0FC763C2C840" qname="BPELSystem.ccrmasync" type="serviceGroup"/>
         </serviceGroup>
         <serviceGroup name="TOMCM_ContactManager" guid="22DD4570765111E0BFF59FC74093B5EC" qname="BPELSystem.ccrmasync.TOMCM_ContactManager" status="ENABLED">
            <versionInfo>
               <ID>1304515167113</ID>
               <lastModifiedTime>Wed May 04 18:49:27 IST 2011</lastModifiedTime>
               <lastModifiedUser>oc4jadmin</lastModifiedUser>
            </versionInfo>
            <parent guid="18C26BF075DA11E0BFCD0FC763C2C840" qname="BPELSystem.ccrmasync" type="serviceGroup"/>
         </serviceGroup>
         <serviceGroup name="CPFGCM_ContactManager" guid="33325500765111E0BFF59FC74093B5EC" qname="BPELSystem.ccrmasync.CPFGCM_ContactManager" status="ENABLED">
            <versionInfo>
               <ID>1304515194526</ID>
               <lastModifiedTime>Wed May 04 18:49:54 IST 2011</lastModifiedTime>
               <lastModifiedUser>oc4jadmin</lastModifiedUser>
            </versionInfo>
            <parent guid="18C26BF075DA11E0BFCD0FC763C2C840" qname="BPELSystem.ccrmasync" type="serviceGroup"/>
         </serviceGroup>
         <serviceGroup name="SAPCM_EventManager" guid="4BE0D810765111E0BFF59FC74093B5EC" qname="BPELSystem.ccrmasync.SAPCM_EventManager" status="ENABLED">
            <versionInfo>
               <ID>1304515235935</ID>
               <lastModifiedTime>Wed May 04 18:50:35 IST 2011</lastModifiedTime>
               <lastModifiedUser>oc4jadmin</lastModifiedUser>
            </versionInfo>
            <parent guid="18C26BF075DA11E0BFCD0FC763C2C840" qname="BPELSystem.ccrmasync" type="serviceGroup"/>
         </serviceGroup>
         <serviceGroup name="CCRMCM_ContactDispatcher" guid="62D0E240765111E0BFF59FC74093B5EC" qname="BPELSystem.ccrmasync.CCRMCM_ContactDispatcher" status="ENABLED">
            <versionInfo>
               <ID>1304515274425</ID>
               <lastModifiedTime>Wed May 04 18:51:14 IST 2011</lastModifiedTime>
               <lastModifiedUser>oc4jadmin</lastModifiedUser>
            </versionInfo>
            <parent guid="18C26BF075DA11E0BFCD0FC763C2C840" qname="BPELSystem.ccrmasync" type="serviceGroup"/>
         </serviceGroup>
         <serviceGroup name="CCRMCM_PropagateContactErrorStatus" guid="8900BB70765111E0BFF59FC74093B5EC" qname="BPELSystem.ccrmasync.CCRMCM_PropagateContactErrorStatus" status="ENABLED">
            <versionInfo>
               <ID>1304515338469</ID>
               <lastModifiedTime>Wed May 04 18:52:18 IST 2011</lastModifiedTime>
               <lastModifiedUser>oc4jadmin</lastModifiedUser>
            </versionInfo>
            <parent guid="18C26BF075DA11E0BFCD0FC763C2C840" qname="BPELSystem.ccrmasync" type="serviceGroup"/>
         </serviceGroup>
         <serviceGroup name="SAPCM_Invoker" guid="A7568A50765111E0BFF59FC74093B5EC" qname="BPELSystem.ccrmasync.SAPCM_Invoker" status="ENABLED">
            <versionInfo>
               <ID>1304515389384</ID>
               <lastModifiedTime>Wed May 04 18:53:09 IST 2011</lastModifiedTime>
               <lastModifiedUser>oc4jadmin</lastModifiedUser>
            </versionInfo>
            <parent guid="18C26BF075DA11E0BFCD0FC763C2C840" qname="BPELSystem.ccrmasync" type="serviceGroup"/>
         </serviceGroup>
         <serviceGroup name="SAPCMExt_Invoker" guid="B9A8A260765111E0BFF59FC74093B5EC" qname="BPELSystem.ccrmasync.SAPCMExt_Invoker" status="ENABLED">
            <versionInfo>
               <ID>1304515420114</ID>
               <lastModifiedTime>Wed May 04 18:53:40 IST 2011</lastModifiedTime>
               <lastModifiedUser>oc4jadmin</lastModifiedUser>
            </versionInfo>
            <parent guid="18C26BF075DA11E0BFCD0FC763C2C840" qname="BPELSystem.ccrmasync" type="serviceGroup"/>
         </serviceGroup>
         <serviceGroup name="SFDCAM_AccountEventManager" guid="CF6869F0765111E0BFF59FC74093B5EC" qname="BPELSystem.ccrmasync.SFDCAM_AccountEventManager" status="ENABLED">
            <versionInfo>
               <ID>1304515456587</ID>
               <lastModifiedTime>Wed May 04 18:54:16 IST 2011</lastModifiedTime>
               <lastModifiedUser>oc4jadmin</lastModifiedUser>
            </versionInfo>
            <parent guid="18C26BF075DA11E0BFCD0FC763C2C840" qname="BPELSystem.ccrmasync" type="serviceGroup"/>
         </serviceGroup>
         <serviceGroup name="CSACM_AccountContactManager" guid="E8716910765111E0BFF59FC74093B5EC" qname="BPELSystem.ccrmasync.CSACM_AccountContactManager" status="ENABLED">
            <versionInfo>
               <ID>1304515498606</ID>
               <lastModifiedTime>Wed May 04 18:54:58 IST 2011</lastModifiedTime>
               <lastModifiedUser>oc4jadmin</lastModifiedUser>
            </versionInfo>
            <parent guid="18C26BF075DA11E0BFCD0FC763C2C840" qname="BPELSystem.ccrmasync" type="serviceGroup"/>
         </serviceGroup>
         <serviceGroup name="SAPAM_EventManager" guid="017E86E0765211E0BFF59FC74093B5EC" qname="BPELSystem.ccrmasync.SAPAM_EventManager" status="ENABLED">
            <versionInfo>
               <ID>1304515540635</ID>
               <lastModifiedTime>Wed May 04 18:55:40 IST 2011</lastModifiedTime>
               <lastModifiedUser>oc4jadmin</lastModifiedUser>
            </versionInfo>
            <parent guid="18C26BF075DA11E0BFCD0FC763C2C840" qname="BPELSystem.ccrmasync" type="serviceGroup"/>
         </serviceGroup>
         <serviceGroup name="CPFGAM_AccountManager" guid="10C95260765211E0BFF59FC74093B5EC" qname="BPELSystem.ccrmasync.CPFGAM_AccountManager" status="ENABLED">
            <versionInfo>
               <ID>1304515566273</ID>
               <lastModifiedTime>Wed May 04 18:56:06 IST 2011</lastModifiedTime>
               <lastModifiedUser>oc4jadmin</lastModifiedUser>
            </versionInfo>
            <parent guid="18C26BF075DA11E0BFCD0FC763C2C840" qname="BPELSystem.ccrmasync" type="serviceGroup"/>
         </serviceGroup>
         <serviceGroup name="TOMAM_AccountManager" guid="26A6DB20765211E0BFF59FC74093B5EC" qname="BPELSystem.ccrmasync.TOMAM_AccountManager" status="ENABLED">
            <versionInfo>
               <ID>1304515602965</ID>
               <lastModifiedTime>Wed May 04 18:56:42 IST 2011</lastModifiedTime>
               <lastModifiedUser>oc4jadmin</lastModifiedUser>
            </versionInfo>
            <parent guid="18C26BF075DA11E0BFCD0FC763C2C840" qname="BPELSystem.ccrmasync" type="serviceGroup"/>
         </serviceGroup>
         <serviceGroup name="CCRMAM_AccountDispatcher" guid="4240E560765211E0BFF59FC74093B5EC" qname="BPELSystem.ccrmasync.CCRMAM_AccountDispatcher" status="ENABLED">
            <versionInfo>
               <ID>1304515649275</ID>
               <lastModifiedTime>Wed May 04 18:57:29 IST 2011</lastModifiedTime>
               <lastModifiedUser>oc4jadmin</lastModifiedUser>
            </versionInfo>
            <parent guid="18C26BF075DA11E0BFCD0FC763C2C840" qname="BPELSystem.ccrmasync" type="serviceGroup"/>
         </serviceGroup>
         <serviceGroup name="TRUSTAM_AccountManager" guid="027F1B60D91511E08F6E2798369D0562" qname="BPELSystem.ccrmasync.TRUSTAM_AccountManager" status="ENABLED">
            <versionInfo>
               <ID>1315374508135</ID>
               <lastModifiedTime>Wed Sep 07 11:18:28 IST 2011</lastModifiedTime>
               <lastModifiedUser>oc4jadmin</lastModifiedUser>
            </versionInfo>
            <parent guid="18C26BF075DA11E0BFCD0FC763C2C840" qname="BPELSystem.ccrmasync" type="serviceGroup"/>
         </serviceGroup>
         <serviceGroup name="SAPAM_Invoker" guid="6D681B50765211E0BFF59FC74093B5EC" qname="BPELSystem.ccrmasync.SAPAM_Invoker" status="ENABLED">
            <versionInfo>
               <ID>1304515721685</ID>
               <lastModifiedTime>Wed May 04 18:58:41 IST 2011</lastModifiedTime>
               <lastModifiedUser>oc4jadmin</lastModifiedUser>
            </versionInfo>
            <parent guid="18C26BF075DA11E0BFCD0FC763C2C840" qname="BPELSystem.ccrmasync" type="serviceGroup"/>
         </serviceGroup>
         <serviceGroup name="EDTKDAD_DequeueDADMsg" guid="0430BD90781E11E09F456F1F4A3E05DA" qname="BPELSystem.ccrmasync.EDTKDAD_DequeueDADMsg" status="ENABLED">
            <versionInfo>
               <ID>1304713113784</ID>
               <lastModifiedTime>Sat May 07 01:48:33 IST 2011</lastModifiedTime>
               <lastModifiedUser>oc4jadmin</lastModifiedUser>
            </versionInfo>
            <parent guid="18C26BF075DA11E0BFCD0FC763C2C840" qname="BPELSystem.ccrmasync" type="serviceGroup"/>
         </serviceGroup>
         <serviceGroup name="BPELProcess2" guid="7FBAC020783511E0BFFDD5ED2605EB3D" qname="BPELSystem.ccrmasync.BPELProcess2" status="ENABLED">
            <versionInfo>
               <ID>1304723199335</ID>
               <lastModifiedTime>Sat May 07 04:36:39 IST 2011</lastModifiedTime>
               <lastModifiedUser>oc4jadmin</lastModifiedUser>
            </versionInfo>
            <parent guid="18C26BF075DA11E0BFCD0FC763C2C840" qname="BPELSystem.ccrmasync" type="serviceGroup"/>
         </serviceGroup>
         <serviceGroup name="EDTKDAD_DequeueDADUploadMessage" guid="72F2073078DB11E0BFFDD5ED2605EB3D" qname="BPELSystem.ccrmasync.EDTKDAD_DequeueDADUploadMessage" status="ENABLED">
            <versionInfo>
               <ID>1304794474344</ID>
               <lastModifiedTime>Sun May 08 00:24:34 IST 2011</lastModifiedTime>
               <lastModifiedUser>oc4jadmin</lastModifiedUser>
            </versionInfo>
            <parent guid="18C26BF075DA11E0BFCD0FC763C2C840" qname="BPELSystem.ccrmasync" type="serviceGroup"/>
         </serviceGroup>
         <serviceGroup name="CPFGEF_Invoker" guid="BD72C6C0803611E0BFB1093EDC23420F" qname="BPELSystem.ccrmasync.CPFGEF_Invoker" status="ENABLED">
            <versionInfo>
               <ID>1305603341698</ID>
               <lastModifiedTime>Tue May 17 09:05:41 IST 2011</lastModifiedTime>
               <lastModifiedUser>oc4jadmin</lastModifiedUser>
            </versionInfo>
            <parent guid="18C26BF075DA11E0BFCD0FC763C2C840" qname="BPELSystem.ccrmasync" type="serviceGroup"/>
         </serviceGroup>
         <serviceGroup name="TOMOMInvoker" guid="D10851F0804F11E0BFB1093EDC23420F" qname="BPELSystem.ccrmasync.TOMOMInvoker" status="ENABLED">
            <versionInfo>
               <ID>1305614111979</ID>
               <lastModifiedTime>Tue May 17 12:05:11 IST 2011</lastModifiedTime>
               <lastModifiedUser>oc4jadmin</lastModifiedUser>
            </versionInfo>
            <parent guid="18C26BF075DA11E0BFCD0FC763C2C840" qname="BPELSystem.ccrmasync" type="serviceGroup"/>
         </serviceGroup>
         <serviceGroup name="TOM_SubmitQuoteToTOM" guid="0F38E200805011E0BFB1093EDC23420F" qname="BPELSystem.ccrmasync.TOM_SubmitQuoteToTOM" status="ENABLED">
            <versionInfo>
               <ID>1305614216309</ID>
               <lastModifiedTime>Tue May 17 12:06:56 IST 2011</lastModifiedTime>
               <lastModifiedUser>oc4jadmin</lastModifiedUser>
            </versionInfo>
            <parent guid="18C26BF075DA11E0BFCD0FC763C2C840" qname="BPELSystem.ccrmasync" type="serviceGroup"/>
         </serviceGroup>
         <serviceGroup name="TOMCM_Invoker" guid="62D8CFB0805011E0BFB1093EDC23420F" qname="BPELSystem.ccrmasync.TOMCM_Invoker" status="ENABLED">
            <versionInfo>
               <ID>1305614356614</ID>
               <lastModifiedTime>Tue May 17 12:09:16 IST 2011</lastModifiedTime>
               <lastModifiedUser>oc4jadmin</lastModifiedUser>
            </versionInfo>
            <parent guid="18C26BF075DA11E0BFCD0FC763C2C840" qname="BPELSystem.ccrmasync" type="serviceGroup"/>
         </serviceGroup>
         <serviceGroup name="CPFGAM_Invoker" guid="7C1EFEE0805011E0BFB1093EDC23420F" qname="BPELSystem.ccrmasync.CPFGAM_Invoker" status="ENABLED">
            <versionInfo>
               <ID>1305614399006</ID>
               <lastModifiedTime>Tue May 17 12:09:59 IST 2011</lastModifiedTime>
               <lastModifiedUser>oc4jadmin</lastModifiedUser>
            </versionInfo>
            <parent guid="18C26BF075DA11E0BFCD0FC763C2C840" qname="BPELSystem.ccrmasync" type="serviceGroup"/>
         </serviceGroup>
         <serviceGroup name="TOMAM_Invoker" guid="923DFD70805011E0BFB1093EDC23420F" qname="BPELSystem.ccrmasync.TOMAM_Invoker" status="ENABLED">
            <versionInfo>
               <ID>1305614436129</ID>
               <lastModifiedTime>Tue May 17 12:10:36 IST 2011</lastModifiedTime>
               <lastModifiedUser>oc4jadmin</lastModifiedUser>
            </versionInfo>
            <parent guid="18C26BF075DA11E0BFCD0FC763C2C840" qname="BPELSystem.ccrmasync" type="serviceGroup"/>
         </serviceGroup>
         <serviceGroup name="CCRMPM_PriceRequestValidatorStub" guid="92DEE770852911E0AF2F9BBBD67E5BC8" qname="BPELSystem.ccrmasync.CCRMPM_PriceRequestValidatorStub" status="ENABLED">
            <versionInfo>
               <ID>1306147442629</ID>
               <lastModifiedTime>Mon May 23 16:14:02 IST 2011</lastModifiedTime>
               <lastModifiedUser>oc4jadmin</lastModifiedUser>
            </versionInfo>
            <parent guid="18C26BF075DA11E0BFCD0FC763C2C840" qname="BPELSystem.ccrmasync" type="serviceGroup"/>
         </serviceGroup>
         <serviceGroup name="CCRMPM_PropagatePriceUpdateStatus" guid="AE1C79D0852911E0AF2F9BBBD67E5BC8" qname="BPELSystem.ccrmasync.CCRMPM_PropagatePriceUpdateStatus" status="ENABLED">
            <versionInfo>
               <ID>1306147488309</ID>
               <lastModifiedTime>Mon May 23 16:14:48 IST 2011</lastModifiedTime>
               <lastModifiedUser>oc4jadmin</lastModifiedUser>
            </versionInfo>
            <parent guid="18C26BF075DA11E0BFCD0FC763C2C840" qname="BPELSystem.ccrmasync" type="serviceGroup"/>
         </serviceGroup>
         <serviceGroup name="CSPM_TransformPriceUpdateStatus" guid="CA9439E0852911E0AF2F9BBBD67E5BC8" qname="BPELSystem.ccrmasync.CSPM_TransformPriceUpdateStatus" status="ENABLED">
            <versionInfo>
               <ID>1306147536082</ID>
               <lastModifiedTime>Mon May 23 16:15:36 IST 2011</lastModifiedTime>
               <lastModifiedUser>oc4jadmin</lastModifiedUser>
            </versionInfo>
            <parent guid="18C26BF075DA11E0BFCD0FC763C2C840" qname="BPELSystem.ccrmasync" type="serviceGroup"/>
         </serviceGroup>
         <serviceGroup name="CCRMPM_DequeuePriceUpdateStatus" guid="D9841420852911E0AF2F9BBBD67E5BC8" qname="BPELSystem.ccrmasync.CCRMPM_DequeuePriceUpdateStatus" status="ENABLED">
            <versionInfo>
               <ID>1306147561121</ID>
               <lastModifiedTime>Mon May 23 16:16:01 IST 2011</lastModifiedTime>
               <lastModifiedUser>oc4jadmin</lastModifiedUser>
            </versionInfo>
            <parent guid="18C26BF075DA11E0BFCD0FC763C2C840" qname="BPELSystem.ccrmasync" type="serviceGroup"/>
         </serviceGroup>
         <serviceGroup name="CSPM_PropagatePriceUpdatesToCS" guid="F5C6E180852911E0AF2F9BBBD67E5BC8" qname="BPELSystem.ccrmasync.CSPM_PropagatePriceUpdatesToCS" status="ENABLED">
            <versionInfo>
               <ID>1306147608540</ID>
               <lastModifiedTime>Mon May 23 16:16:48 IST 2011</lastModifiedTime>
               <lastModifiedUser>oc4jadmin</lastModifiedUser>
            </versionInfo>
            <parent guid="18C26BF075DA11E0BFCD0FC763C2C840" qname="BPELSystem.ccrmasync" type="serviceGroup"/>
         </serviceGroup>
         <serviceGroup name="CCRMOM_DequeueCSOrderUpdateStatus" guid="7A5E0BE0871D11E0AF61E5909A2B1EF4" qname="BPELSystem.ccrmasync.CCRMOM_DequeueCSOrderUpdateStatus" status="ENABLED">
            <versionInfo>
               <ID>1306362149863</ID>
               <lastModifiedTime>Thu May 26 03:52:29 IST 2011</lastModifiedTime>
               <lastModifiedUser>oc4jadmin</lastModifiedUser>
            </versionInfo>
            <parent guid="18C26BF075DA11E0BFCD0FC763C2C840" qname="BPELSystem.ccrmasync" type="serviceGroup"/>
         </serviceGroup>
         <serviceGroup name="CCRMTF_DequeueUpdateOrderStatus" guid="EF90CB00871D11E0AF61E5909A2B1EF4" qname="BPELSystem.ccrmasync.CCRMTF_DequeueUpdateOrderStatus" status="ENABLED">
            <versionInfo>
               <ID>1306362346479</ID>
               <lastModifiedTime>Thu May 26 03:55:46 IST 2011</lastModifiedTime>
               <lastModifiedUser>oc4jadmin</lastModifiedUser>
            </versionInfo>
            <parent guid="18C26BF075DA11E0BFCD0FC763C2C840" qname="BPELSystem.ccrmasync" type="serviceGroup"/>
         </serviceGroup>
         <serviceGroup name="CPFGOM_UserOrderManager" guid="CDBBDF30929C11E0AF61E5909A2B1EF4" qname="BPELSystem.ccrmasync.CPFGOM_UserOrderManager" status="ENABLED">
            <versionInfo>
               <ID>1307626298635</ID>
               <lastModifiedTime>Thu Jun 09 19:01:38 IST 2011</lastModifiedTime>
               <lastModifiedUser>oc4jadmin</lastModifiedUser>
            </versionInfo>
            <parent guid="18C26BF075DA11E0BFCD0FC763C2C840" qname="BPELSystem.ccrmasync" type="serviceGroup"/>
         </serviceGroup>
         <serviceGroup name="SFDCAM_Invoker" guid="7EC4B150DE0411E0AF7997ACC091A3EE" qname="BPELSystem.ccrmasync.SFDCAM_Invoker" status="ENABLED">
            <versionInfo>
               <ID>1315917171015</ID>
               <lastModifiedTime>Tue Sep 13 18:02:51 IST 2011</lastModifiedTime>
               <lastModifiedUser>oc4jadmin</lastModifiedUser>
            </versionInfo>
            <parent guid="18C26BF075DA11E0BFCD0FC763C2C840" qname="BPELSystem.ccrmasync" type="serviceGroup"/>
         </serviceGroup>
         <serviceGroup name="AM_DqTRUSTAcctUpdateNUpdateTRUSTID" guid="152C4BF0974F11E0AF65E5909A2B1EF4" qname="BPELSystem.ccrmasync.AM_DqTRUSTAcctUpdateNUpdateTRUSTID" status="ENABLED">
            <versionInfo>
               <ID>1308142673535</ID>
               <lastModifiedTime>Wed Jun 15 18:27:53 IST 2011</lastModifiedTime>
               <lastModifiedUser>oc4jadmin</lastModifiedUser>
            </versionInfo>
            <parent guid="18C26BF075DA11E0BFCD0FC763C2C840" qname="BPELSystem.ccrmasync" type="serviceGroup"/>
         </serviceGroup>
         <serviceGroup name="SFDCCM_ContactEventManager" guid="2D2750709D8411E0AF65E5909A2B1EF4" qname="BPELSystem.ccrmasync.SFDCCM_ContactEventManager" status="ENABLED">
            <versionInfo>
               <ID>1308825184106</ID>
               <lastModifiedTime>Thu Jun 23 16:03:04 IST 2011</lastModifiedTime>
               <lastModifiedUser>oc4jadmin</lastModifiedUser>
            </versionInfo>
            <parent guid="18C26BF075DA11E0BFCD0FC763C2C840" qname="BPELSystem.ccrmasync" type="serviceGroup"/>
         </serviceGroup>
         <serviceGroup name="CPFGUM_Invoker" guid="C40FA590978111E0AF65E5909A2B1EF4" qname="BPELSystem.ccrmasync.CPFGUM_Invoker" status="ENABLED">
            <versionInfo>
               <ID>1308164441815</ID>
               <lastModifiedTime>Thu Jun 16 00:30:41 IST 2011</lastModifiedTime>
               <lastModifiedUser>oc4jadmin</lastModifiedUser>
            </versionInfo>
            <parent guid="18C26BF075DA11E0BFCD0FC763C2C840" qname="BPELSystem.ccrmasync" type="serviceGroup"/>
         </serviceGroup>
         <serviceGroup name="ATHUOM_UserOrderRequestValidatorStub" guid="99DD3110A15F11E0AF65E5909A2B1EF4" qname="BPELSystem.ccrmasync.ATHUOM_UserOrderRequestValidatorStub" status="ENABLED">
            <versionInfo>
               <ID>1309249279728</ID>
               <lastModifiedTime>Tue Jun 28 13:51:19 IST 2011</lastModifiedTime>
               <lastModifiedUser>oc4jadmin</lastModifiedUser>
            </versionInfo>
            <parent guid="18C26BF075DA11E0BFCD0FC763C2C840" qname="BPELSystem.ccrmasync" type="serviceGroup"/>
         </serviceGroup>
         <serviceGroup name="CPFGEF_FulfilmentRequestManager" guid="15666210AC7411E0BFB521D5282A7B9E" qname="BPELSystem.ccrmasync.CPFGEF_FulfilmentRequestManager" status="ENABLED">
            <versionInfo>
               <ID>1310467539714</ID>
               <lastModifiedTime>Tue Jul 12 16:15:39 IST 2011</lastModifiedTime>
               <lastModifiedUser>oc4jadmin</lastModifiedUser>
            </versionInfo>
            <parent guid="18C26BF075DA11E0BFCD0FC763C2C840" qname="BPELSystem.ccrmasync" type="serviceGroup"/>
         </serviceGroup>
         <serviceGroup name="AsyncSequenceChecker" guid="EE3C4710D9E911E08F6E2798369D0562" qname="BPELSystem.ccrmasync.AsyncSequenceChecker" status="ENABLED">
            <versionInfo>
               <ID>1315465956944</ID>
               <lastModifiedTime>Thu Sep 08 12:42:36 IST 2011</lastModifiedTime>
               <lastModifiedUser>oc4jadmin</lastModifiedUser>
            </versionInfo>
            <parent guid="18C26BF075DA11E0BFCD0FC763C2C840" qname="BPELSystem.ccrmasync" type="serviceGroup"/>
         </serviceGroup>
         <serviceGroup name="CCRM_AssetQueryDetails" guid="D722D520B12711E0BFB521D5282A7B9E" qname="BPELSystem.ccrmasync.CCRM_AssetQueryDetails" status="ENABLED">
            <versionInfo>
               <ID>1310984549294</ID>
               <lastModifiedTime>Mon Jul 18 15:52:29 IST 2011</lastModifiedTime>
               <lastModifiedUser>oc4jadmin</lastModifiedUser>
            </versionInfo>
            <parent guid="18C26BF075DA11E0BFCD0FC763C2C840" qname="BPELSystem.ccrmasync" type="serviceGroup"/>
         </serviceGroup>
         <serviceGroup name="ELMAM_Invoker" guid="D088D7B0B78411E0BFF6651822655566" qname="BPELSystem.ccrmasync.ELMAM_Invoker" status="ENABLED">
            <versionInfo>
               <ID>1311684188394</ID>
               <lastModifiedTime>Tue Jul 26 18:13:08 IST 2011</lastModifiedTime>
               <lastModifiedUser>oc4jadmin</lastModifiedUser>
            </versionInfo>
            <parent guid="18C26BF075DA11E0BFCD0FC763C2C840" qname="BPELSystem.ccrmasync" type="serviceGroup"/>
         </serviceGroup>
         <serviceGroup name="ELMAM_Invoker1" guid="748E3E60C19211E09F605770DEA4240A" qname="BPELSystem.ccrmasync.ELMAM_Invoker1" status="ENABLED">
            <versionInfo>
               <ID>1312789558665</ID>
               <lastModifiedTime>Mon Aug 08 13:15:58 IST 2011</lastModifiedTime>
               <lastModifiedUser>oc4jadmin</lastModifiedUser>
            </versionInfo>
            <parent guid="18C26BF075DA11E0BFCD0FC763C2C840" qname="BPELSystem.ccrmasync" type="serviceGroup"/>
         </serviceGroup>
         <serviceGroup name="OM_InsertPayloadToDB" guid="0B26FBB0C96C11E0BFEADD41D1D15E4D" qname="BPELSystem.ccrmasync.OM_InsertPayloadToDB" status="ENABLED">
            <versionInfo>
               <ID>1313652670295</ID>
               <lastModifiedTime>Thu Aug 18 13:01:10 IST 2011</lastModifiedTime>
               <lastModifiedUser>oc4jadmin</lastModifiedUser>
            </versionInfo>
            <parent guid="18C26BF075DA11E0BFCD0FC763C2C840" qname="BPELSystem.ccrmasync" type="serviceGroup"/>
         </serviceGroup>
         <serviceGroup name="CCRMOM_PropagateUserOrderRequest" guid="97799BB0C97911E0BFEADD41D1D15E4D" qname="BPELSystem.ccrmasync.CCRMOM_PropagateUserOrderRequest" status="ENABLED">
            <versionInfo>
               <ID>1313658489138</ID>
               <lastModifiedTime>Thu Aug 18 14:38:09 IST 2011</lastModifiedTime>
               <lastModifiedUser>oc4jadmin</lastModifiedUser>
            </versionInfo>
            <parent guid="18C26BF075DA11E0BFCD0FC763C2C840" qname="BPELSystem.ccrmasync" type="serviceGroup"/>
         </serviceGroup>
         <serviceGroup name="ELMAM_EventManager" guid="CC18AE60CF1411E08F6E2798369D0562" qname="BPELSystem.ccrmasync.ELMAM_EventManager" status="ENABLED">
            <versionInfo>
               <ID>1314274905227</ID>
               <lastModifiedTime>Thu Aug 25 17:51:45 IST 2011</lastModifiedTime>
               <lastModifiedUser>oc4jadmin</lastModifiedUser>
            </versionInfo>
            <parent guid="18C26BF075DA11E0BFCD0FC763C2C840" qname="BPELSystem.ccrmasync" type="serviceGroup"/>
         </serviceGroup>
         <serviceGroup name="CCRMOM_PropagateContactStatus" guid="C00DAEE0CFB411E08F6E2798369D0562" qname="BPELSystem.ccrmasync.CCRMOM_PropagateContactStatus" status="ENABLED">
            <versionInfo>
               <ID>1314343604505</ID>
               <lastModifiedTime>Fri Aug 26 12:56:44 IST 2011</lastModifiedTime>
               <lastModifiedUser>oc4jadmin</lastModifiedUser>
            </versionInfo>
            <parent guid="18C26BF075DA11E0BFCD0FC763C2C840" qname="BPELSystem.ccrmasync" type="serviceGroup"/>
         </serviceGroup>
         <serviceGroup name="SequenceReleaser" guid="81624120D23311E08F6E2798369D0562" qname="BPELSystem.ccrmasync.SequenceReleaser" status="ENABLED">
            <versionInfo>
               <ID>1314617947848</ID>
               <lastModifiedTime>Mon Aug 29 17:09:07 IST 2011</lastModifiedTime>
               <lastModifiedUser>oc4jadmin</lastModifiedUser>
            </versionInfo>
            <parent guid="18C26BF075DA11E0BFCD0FC763C2C840" qname="BPELSystem.ccrmasync" type="serviceGroup"/>
         </serviceGroup>
         <serviceGroup name="CCRMAM_PropagateTRUSTAccount" guid="AB9EC8F0D23311E08F6E2798369D0562" qname="BPELSystem.ccrmasync.CCRMAM_PropagateTRUSTAccount" status="ENABLED">
            <versionInfo>
               <ID>1314618018624</ID>
               <lastModifiedTime>Mon Aug 29 17:10:18 IST 2011</lastModifiedTime>
               <lastModifiedUser>oc4jadmin</lastModifiedUser>
            </versionInfo>
            <parent guid="18C26BF075DA11E0BFCD0FC763C2C840" qname="BPELSystem.ccrmasync" type="serviceGroup"/>
         </serviceGroup>
         <serviceGroup name="AM_DqTRUSTOptyUpdateNUpdateTRUSTID" guid="2E8F29B0E07311E0AF3ED11C24B8D348" qname="BPELSystem.ccrmasync.AM_DqTRUSTOptyUpdateNUpdateTRUSTID" status="ENABLED">
            <versionInfo>
               <ID>1316184612897</ID>
               <lastModifiedTime>Fri Sep 16 20:20:12 IST 2011</lastModifiedTime>
               <lastModifiedUser>oc4jadmin</lastModifiedUser>
            </versionInfo>
            <parent guid="18C26BF075DA11E0BFCD0FC763C2C840" qname="BPELSystem.ccrmasync" type="serviceGroup"/>
         </serviceGroup>
         <serviceGroup name="CCRMACM_PropagateAccountContactPublishStatus" guid="73005F60E07311E0AF3ED11C24B8D348" qname="BPELSystem.ccrmasync.CCRMACM_PropagateAccountContactPublishStatus" status="ENABLED">
            <versionInfo>
               <ID>1316184727702</ID>
               <lastModifiedTime>Fri Sep 16 20:22:07 IST 2011</lastModifiedTime>
               <lastModifiedUser>oc4jadmin</lastModifiedUser>
            </versionInfo>
            <parent guid="18C26BF075DA11E0BFCD0FC763C2C840" qname="BPELSystem.ccrmasync" type="serviceGroup"/>
         </serviceGroup>
         <serviceGroup name="TF_ProcessQuoteStatus" guid="13D0A190E15311E0AF3ED11C24B8D348" qname="BPELSystem.ccrmasync.TF_ProcessQuoteStatus" status="ENABLED">
            <versionInfo>
               <ID>1316280775285</ID>
               <lastModifiedTime>Sat Sep 17 23:02:55 IST 2011</lastModifiedTime>
               <lastModifiedUser>oc4jadmin</lastModifiedUser>
            </versionInfo>
            <parent guid="18C26BF075DA11E0BFCD0FC763C2C840" qname="BPELSystem.ccrmasync" type="serviceGroup"/>
         </serviceGroup>
         <serviceGroup name="CCRMQM_EnqueueGenericQuoteMessage" guid="80804D60E2CD11E0BF09C3207A6AFEAB" qname="BPELSystem.ccrmasync.CCRMQM_EnqueueGenericQuoteMessage" status="ENABLED">
            <versionInfo>
               <ID>1316443307385</ID>
               <lastModifiedTime>Mon Sep 19 20:11:47 IST 2011</lastModifiedTime>
               <lastModifiedUser>oc4jadmin</lastModifiedUser>
            </versionInfo>
            <parent guid="18C26BF075DA11E0BFCD0FC763C2C840" qname="BPELSystem.ccrmasync" type="serviceGroup"/>
         </serviceGroup>
         <serviceGroup name="CCRMQM_PropagateQuoteRequestMsg" guid="D3F2BB10E2D011E0BF09C3207A6AFEAB" qname="BPELSystem.ccrmasync.CCRMQM_PropagateQuoteRequestMsg" status="ENABLED">
            <versionInfo>
               <ID>1316444735871</ID>
               <lastModifiedTime>Mon Sep 19 20:35:35 IST 2011</lastModifiedTime>
               <lastModifiedUser>oc4jadmin</lastModifiedUser>
            </versionInfo>
            <parent guid="18C26BF075DA11E0BFCD0FC763C2C840" qname="BPELSystem.ccrmasync" type="serviceGroup"/>
         </serviceGroup>
         <serviceGroup name="CCRMOM_SubmitUserOrderRequest" guid="0F8B4840E59C11E0BFEB9D3DA76F7C2D" qname="BPELSystem.ccrmasync.CCRMOM_SubmitUserOrderRequest" status="ENABLED">
            <versionInfo>
               <ID>1316751926035</ID>
               <lastModifiedTime>Fri Sep 23 09:55:26 IST 2011</lastModifiedTime>
               <lastModifiedUser>oc4jadmin</lastModifiedUser>
            </versionInfo>
            <parent guid="18C26BF075DA11E0BFCD0FC763C2C840" qname="BPELSystem.ccrmasync" type="serviceGroup"/>
         </serviceGroup>
      </serviceGroup>
      <serviceGroup name="ccrmcm" guid="7A9B6DF0765111E0BFF59FC74093B5EC" qname="BPELSystem.ccrmcm" status="ENABLED">
         <versionInfo>
            <ID>1304515314329</ID>
            <lastModifiedTime>Wed May 04 18:51:54 IST 2011</lastModifiedTime>
            <lastModifiedUser>oc4jadmin</lastModifiedUser>
         </versionInfo>
         <parent guid="4A2264B0541411DDBFE1A19FAF2D7665" qname="BPELSystem" type="system"/>
         <serviceGroup name="CCRMCM_DequeueContactRequest" guid="7A9CF490765111E0BFF59FC74093B5EC" qname="BPELSystem.ccrmcm.CCRMCM_DequeueContactRequest" status="ENABLED">
            <versionInfo>
               <ID>1304515314329</ID>
               <lastModifiedTime>Wed May 04 18:51:54 IST 2011</lastModifiedTime>
               <lastModifiedUser>oc4jadmin</lastModifiedUser>
            </versionInfo>
            <parent guid="7A9B6DF0765111E0BFF59FC74093B5EC" qname="BPELSystem.ccrmcm" type="serviceGroup"/>
         </serviceGroup>
      </serviceGroup>
      <serviceGroup name="ccrmam" guid="57CA0C90765211E0BFF59FC74093B5EC" qname="BPELSystem.ccrmam" status="ENABLED">
         <versionInfo>
            <ID>1304515685405</ID>
            <lastModifiedTime>Wed May 04 18:58:05 IST 2011</lastModifiedTime>
            <lastModifiedUser>oc4jadmin</lastModifiedUser>
         </versionInfo>
         <parent guid="4A2264B0541411DDBFE1A19FAF2D7665" qname="BPELSystem" type="system"/>
         <serviceGroup name="CCRMAM_DequeueAccountRequest" guid="57CBBA40765211E0BFF59FC74093B5EC" qname="BPELSystem.ccrmam.CCRMAM_DequeueAccountRequest" status="ENABLED">
            <versionInfo>
               <ID>1304515685405</ID>
               <lastModifiedTime>Wed May 04 18:58:05 IST 2011</lastModifiedTime>
               <lastModifiedUser>oc4jadmin</lastModifiedUser>
            </versionInfo>
            <parent guid="57CA0C90765211E0BFF59FC74093B5EC" qname="BPELSystem.ccrmam" type="serviceGroup"/>
         </serviceGroup>
      </serviceGroup>
      <serviceGroup name="default" guid="17B1571077BC11E0BFD5410A3532C9B8" qname="BPELSystem.default" status="ENABLED">
         <versionInfo>
            <ID>1304671055800</ID>
            <lastModifiedTime>Fri May 06 14:07:35 IST 2011</lastModifiedTime>
            <lastModifiedUser>oc4jadmin</lastModifiedUser>
         </versionInfo>
         <parent guid="4A2264B0541411DDBFE1A19FAF2D7665" qname="BPELSystem" type="system"/>
         <serviceGroup name="CCRMGenericQuote_SubmitMessage" guid="EDAA5760DEB711E0BFA8D73F6C4EDA67" qname="BPELSystem.default.CCRMGenericQuote_SubmitMessage" status="ENABLED">
            <versionInfo>
               <ID>1315994236975</ID>
               <lastModifiedTime>Wed Sep 14 15:27:16 IST 2011</lastModifiedTime>
               <lastModifiedUser>oc4jadmin</lastModifiedUser>
            </versionInfo>
            <parent guid="17B1571077BC11E0BFD5410A3532C9B8" qname="BPELSystem.default" type="serviceGroup"/>
         </serviceGroup>
         <serviceGroup name="SAPAM_EventManager" guid="17B379F077BC11E0BFD5410A3532C9B8" qname="BPELSystem.default.SAPAM_EventManager" status="ENABLED">
            <versionInfo>
               <ID>1304671055800</ID>
               <lastModifiedTime>Fri May 06 14:07:35 IST 2011</lastModifiedTime>
               <lastModifiedUser>oc4jadmin</lastModifiedUser>
            </versionInfo>
            <parent guid="17B1571077BC11E0BFD5410A3532C9B8" qname="BPELSystem.default" type="serviceGroup"/>
         </serviceGroup>
         <serviceGroup name="BPELProcess1" guid="77EDD960782E11E0BFFDD5ED2605EB3D" qname="BPELSystem.default.BPELProcess1" status="ENABLED">
            <versionInfo>
               <ID>1304720180074</ID>
               <lastModifiedTime>Sat May 07 03:46:20 IST 2011</lastModifiedTime>
               <lastModifiedUser>oc4jadmin</lastModifiedUser>
            </versionInfo>
            <parent guid="17B1571077BC11E0BFD5410A3532C9B8" qname="BPELSystem.default" type="serviceGroup"/>
         </serviceGroup>
         <serviceGroup name="BPELProcess2" guid="9003A540783611E0BFFDD5ED2605EB3D" qname="BPELSystem.default.BPELProcess2" status="ENABLED">
            <versionInfo>
               <ID>1304723656126</ID>
               <lastModifiedTime>Sat May 07 04:44:16 IST 2011</lastModifiedTime>
               <lastModifiedUser>oc4jadmin</lastModifiedUser>
            </versionInfo>
            <parent guid="17B1571077BC11E0BFD5410A3532C9B8" qname="BPELSystem.default" type="serviceGroup"/>
         </serviceGroup>
         <serviceGroup name="BPELProcessfff" guid="02ACD9208B5811E0AF61E5909A2B1EF4" qname="BPELSystem.default.BPELProcessfff" status="ENABLED">
            <versionInfo>
               <ID>1306827093994</ID>
               <lastModifiedTime>Tue May 31 13:01:33 IST 2011</lastModifiedTime>
               <lastModifiedUser>oc4jadmin</lastModifiedUser>
            </versionInfo>
            <parent guid="17B1571077BC11E0BFD5410A3532C9B8" qname="BPELSystem.default" type="serviceGroup"/>
         </serviceGroup>
         <serviceGroup name="CCRMQueryAssetDetails" guid="0257B730A94711E0AF6F093F14A7797E" qname="BPELSystem.default.CCRMQueryAssetDetails" status="ENABLED">
            <versionInfo>
               <ID>1310118326878</ID>
               <lastModifiedTime>Fri Jul 08 15:15:26 IST 2011</lastModifiedTime>
               <lastModifiedUser>oc4jadmin</lastModifiedUser>
            </versionInfo>
            <parent guid="17B1571077BC11E0BFD5410A3532C9B8" qname="BPELSystem.default" type="serviceGroup"/>
         </serviceGroup>
         <serviceGroup name="BPELProcesQQ" guid="8A921300A95811E0AF6F093F14A7797E" qname="BPELSystem.default.BPELProcesQQ" status="ENABLED">
            <versionInfo>
               <ID>1310125856875</ID>
               <lastModifiedTime>Fri Jul 08 17:20:56 IST 2011</lastModifiedTime>
               <lastModifiedUser>oc4jadmin</lastModifiedUser>
            </versionInfo>
            <parent guid="17B1571077BC11E0BFD5410A3532C9B8" qname="BPELSystem.default" type="serviceGroup"/>
         </serviceGroup>
         <serviceGroup name="BPELProcessDD" guid="FDAD8540A9E411E0BFB521D5282A7B9E" qname="BPELSystem.default.BPELProcessDD" status="ENABLED">
            <versionInfo>
               <ID>1310186179911</ID>
               <lastModifiedTime>Sat Jul 09 10:06:19 IST 2011</lastModifiedTime>
               <lastModifiedUser>oc4jadmin</lastModifiedUser>
            </versionInfo>
            <parent guid="17B1571077BC11E0BFD5410A3532C9B8" qname="BPELSystem.default" type="serviceGroup"/>
         </serviceGroup>
         <serviceGroup name="CCRM_AssetQueryDetails" guid="3D9F0260A9E911E0BFB521D5282A7B9E" qname="BPELSystem.default.CCRM_AssetQueryDetails" status="ENABLED">
            <versionInfo>
               <ID>1310188004810</ID>
               <lastModifiedTime>Sat Jul 09 10:36:44 IST 2011</lastModifiedTime>
               <lastModifiedUser>oc4jadmin</lastModifiedUser>
            </versionInfo>
            <parent guid="17B1571077BC11E0BFD5410A3532C9B8" qname="BPELSystem.default" type="serviceGroup"/>
         </serviceGroup>
         <serviceGroup name="CCRMOM_PropagateContactStatus" guid="77757790AA1F11E0BFB521D5282A7B9E" qname="BPELSystem.default.CCRMOM_PropagateContactStatus" status="ENABLED">
            <versionInfo>
               <ID>1310211294665</ID>
               <lastModifiedTime>Sat Jul 09 17:04:54 IST 2011</lastModifiedTime>
               <lastModifiedUser>oc4jadmin</lastModifiedUser>
            </versionInfo>
            <parent guid="17B1571077BC11E0BFD5410A3532C9B8" qname="BPELSystem.default" type="serviceGroup"/>
         </serviceGroup>
         <serviceGroup name="PopulateXref" guid="6206FB60DF7411E0AF3ED11C24B8D348" qname="BPELSystem.default.PopulateXref" status="ENABLED">
            <versionInfo>
               <ID>1316075177565</ID>
               <lastModifiedTime>Thu Sep 15 13:56:17 IST 2011</lastModifiedTime>
               <lastModifiedUser>oc4jadmin</lastModifiedUser>
            </versionInfo>
            <parent guid="17B1571077BC11E0BFD5410A3532C9B8" qname="BPELSystem.default" type="serviceGroup"/>
         </serviceGroup>
         <serviceGroup name="QueryTestLatest" guid="E753B480B39011E0BFD0A3DCF64FD3B2" qname="BPELSystem.default.QueryTestLatest" status="ENABLED">
            <versionInfo>
               <ID>1311249576088</ID>
               <lastModifiedTime>Thu Jul 21 17:29:36 IST 2011</lastModifiedTime>
               <lastModifiedUser>oc4jadmin</lastModifiedUser>
            </versionInfo>
            <parent guid="17B1571077BC11E0BFD5410A3532C9B8" qname="BPELSystem.default" type="serviceGroup"/>
         </serviceGroup>
         <serviceGroup name="PPDSPOC" guid="EA955F90E5A411E0BF3E8B4B5753375D" qname="BPELSystem.default.PPDSPOC" status="ENABLED">
            <versionInfo>
               <ID>1316755729608</ID>
               <lastModifiedTime>Fri Sep 23 10:58:49 IST 2011</lastModifiedTime>
               <lastModifiedUser>oc4jadmin</lastModifiedUser>
            </versionInfo>
            <parent guid="17B1571077BC11E0BFD5410A3532C9B8" qname="BPELSystem.default" type="serviceGroup"/>
         </serviceGroup>
         <serviceGroup name="PPDSWOESB" guid="A15869A0E5A711E0BF3E8B4B5753375D" qname="BPELSystem.default.PPDSWOESB" status="ENABLED">
            <versionInfo>
               <ID>1316756895102</ID>
               <lastModifiedTime>Fri Sep 23 11:18:15 IST 2011</lastModifiedTime>
               <lastModifiedUser>oc4jadmin</lastModifiedUser>
            </versionInfo>
            <parent guid="17B1571077BC11E0BFD5410A3532C9B8" qname="BPELSystem.default" type="serviceGroup"/>
         </serviceGroup>
      </serviceGroup>
      <serviceGroup name="ccrmsync" guid="C7E479D098CA11E0AF65E5909A2B1EF4" qname="BPELSystem.ccrmsync" status="ENABLED">
         <versionInfo>
            <ID>1308305752693</ID>
            <lastModifiedTime>Fri Jun 17 15:45:52 IST 2011</lastModifiedTime>
            <lastModifiedUser>oc4jadmin</lastModifiedUser>
         </versionInfo>
         <parent guid="4A2264B0541411DDBFE1A19FAF2D7665" qname="BPELSystem" type="system"/>
         <serviceGroup name="TRUSTAM_PropagateAccount" guid="30E93690D93111E08F6E2798369D0562" qname="BPELSystem.ccrmsync.TRUSTAM_PropagateAccount" status="ENABLED">
            <versionInfo>
               <ID>1315386611897</ID>
               <lastModifiedTime>Wed Sep 07 14:40:11 IST 2011</lastModifiedTime>
               <lastModifiedUser>oc4jadmin</lastModifiedUser>
            </versionInfo>
            <parent guid="C7E479D098CA11E0AF65E5909A2B1EF4" qname="BPELSystem.ccrmsync" type="serviceGroup"/>
         </serviceGroup>
         <serviceGroup name="CPFG_StatusUpdateValidator" guid="C7E6C3C098CA11E0AF65E5909A2B1EF4" qname="BPELSystem.ccrmsync.CPFG_StatusUpdateValidator" status="ENABLED">
            <versionInfo>
               <ID>1308305752693</ID>
               <lastModifiedTime>Fri Jun 17 15:45:52 IST 2011</lastModifiedTime>
               <lastModifiedUser>oc4jadmin</lastModifiedUser>
            </versionInfo>
            <parent guid="C7E479D098CA11E0AF65E5909A2B1EF4" qname="BPELSystem.ccrmsync" type="serviceGroup"/>
         </serviceGroup>
         <serviceGroup name="ATHUOM_UserOrderRequestValidator" guid="BC4776C0A15F11E0AF65E5909A2B1EF4" qname="BPELSystem.ccrmsync.ATHUOM_UserOrderRequestValidator" status="ENABLED">
            <versionInfo>
               <ID>1309249337466</ID>
               <lastModifiedTime>Tue Jun 28 13:52:17 IST 2011</lastModifiedTime>
               <lastModifiedUser>oc4jadmin</lastModifiedUser>
            </versionInfo>
            <parent guid="C7E479D098CA11E0AF65E5909A2B1EF4" qname="BPELSystem.ccrmsync" type="serviceGroup"/>
         </serviceGroup>
         <serviceGroup name="AssetQueryBPEL" guid="24D0F1B0B1F211E0BFB521D5282A7B9E" qname="BPELSystem.ccrmsync.AssetQueryBPEL" status="ENABLED">
            <versionInfo>
               <ID>1311071437959</ID>
               <lastModifiedTime>Tue Jul 19 16:00:37 IST 2011</lastModifiedTime>
               <lastModifiedUser>oc4jadmin</lastModifiedUser>
            </versionInfo>
            <parent guid="C7E479D098CA11E0AF65E5909A2B1EF4" qname="BPELSystem.ccrmsync" type="serviceGroup"/>
         </serviceGroup>
         <serviceGroup name="QueryTestLatest" guid="6572E0B0B38311E08F644180241CADAE" qname="BPELSystem.ccrmsync.QueryTestLatest" status="ENABLED">
            <versionInfo>
               <ID>1311243774924</ID>
               <lastModifiedTime>Thu Jul 21 15:52:54 IST 2011</lastModifiedTime>
               <lastModifiedUser>oc4jadmin</lastModifiedUser>
            </versionInfo>
            <parent guid="C7E479D098CA11E0AF65E5909A2B1EF4" qname="BPELSystem.ccrmsync" type="serviceGroup"/>
         </serviceGroup>
         <serviceGroup name="ELMAM_Invoker" guid="D5DA34B0B81B11E0BFF6651822655566" qname="BPELSystem.ccrmsync.ELMAM_Invoker" status="ENABLED">
            <versionInfo>
               <ID>1311749051334</ID>
               <lastModifiedTime>Wed Jul 27 12:14:11 IST 2011</lastModifiedTime>
               <lastModifiedUser>oc4jadmin</lastModifiedUser>
            </versionInfo>
            <parent guid="C7E479D098CA11E0AF65E5909A2B1EF4" qname="BPELSystem.ccrmsync" type="serviceGroup"/>
         </serviceGroup>
         <serviceGroup name="CCRMTF_QuoteRequestValidator" guid="A76CAFA0BC4811E0BFF6651822655566" qname="BPELSystem.ccrmsync.CCRMTF_QuoteRequestValidator" status="ENABLED">
            <versionInfo>
               <ID>1312208105476</ID>
               <lastModifiedTime>Mon Aug 01 19:45:05 IST 2011</lastModifiedTime>
               <lastModifiedUser>oc4jadmin</lastModifiedUser>
            </versionInfo>
            <parent guid="C7E479D098CA11E0AF65E5909A2B1EF4" qname="BPELSystem.ccrmsync" type="serviceGroup"/>
         </serviceGroup>
         <serviceGroup name="ELMAM_EventManager" guid="0D1345D0CF1311E08F6E2798369D0562" qname="BPELSystem.ccrmsync.ELMAM_EventManager" status="ENABLED">
            <versionInfo>
               <ID>1314274155255</ID>
               <lastModifiedTime>Thu Aug 25 17:39:15 IST 2011</lastModifiedTime>
               <lastModifiedUser>oc4jadmin</lastModifiedUser>
            </versionInfo>
            <parent guid="C7E479D098CA11E0AF65E5909A2B1EF4" qname="BPELSystem.ccrmsync" type="serviceGroup"/>
         </serviceGroup>
         <serviceGroup name="CCRMQM_EnqueueGenericQuoteMessage" guid="D99FB3E0E16A11E0AF3ED11C24B8D348" qname="BPELSystem.ccrmsync.CCRMQM_EnqueueGenericQuoteMessage" status="ENABLED">
            <versionInfo>
               <ID>1316290985574</ID>
               <lastModifiedTime>Sun Sep 18 01:53:05 IST 2011</lastModifiedTime>
               <lastModifiedUser>oc4jadmin</lastModifiedUser>
            </versionInfo>
            <parent guid="C7E479D098CA11E0AF65E5909A2B1EF4" qname="BPELSystem.ccrmsync" type="serviceGroup"/>
         </serviceGroup>
         <serviceGroup name="EAIHeartBeat" guid="60FB1B00E17411E0AF3ED11C24B8D348" qname="BPELSystem.ccrmsync.EAIHeartBeat" status="ENABLED">
            <versionInfo>
               <ID>1316295078134</ID>
               <lastModifiedTime>Sun Sep 18 03:01:18 IST 2011</lastModifiedTime>
               <lastModifiedUser>oc4jadmin</lastModifiedUser>
            </versionInfo>
            <parent guid="C7E479D098CA11E0AF65E5909A2B1EF4" qname="BPELSystem.ccrmsync" type="serviceGroup"/>
         </serviceGroup>
         <serviceGroup name="CCRMQM_PropagateQuoteRequestMsg" guid="755E9CB0E2CE11E0BF09C3207A6AFEAB" qname="BPELSystem.ccrmsync.CCRMQM_PropagateQuoteRequestMsg" status="ENABLED">
            <versionInfo>
               <ID>1316443718204</ID>
               <lastModifiedTime>Mon Sep 19 20:18:38 IST 2011</lastModifiedTime>
               <lastModifiedUser>oc4jadmin</lastModifiedUser>
            </versionInfo>
            <parent guid="C7E479D098CA11E0AF65E5909A2B1EF4" qname="BPELSystem.ccrmsync" type="serviceGroup"/>
         </serviceGroup>
      </serviceGroup>
   </system>
   <system name="SFDCOP" guid="4BFAF9B1621411DDBFAD61D658EE91A5" qname="SFDCOP" status="ENABLED">
      <versionInfo>
         <ID>1304444378524</ID>
         <lastModifiedTime>Tue May 03 23:09:38 IST 2011</lastModifiedTime>
         <lastModifiedUser>oc4jadmin</lastModifiedUser>
      </versionInfo>
   </system>
   <system name="CCRMAM" guid="EB45D0F08DC111DF8F5115A888236B26" qname="CCRMAM" status="ENABLED">
      <versionInfo>
         <ID>1304444387856</ID>
         <lastModifiedTime>Tue May 03 23:09:47 IST 2011</lastModifiedTime>
         <lastModifiedUser>oc4jadmin</lastModifiedUser>
      </versionInfo>
   </system>
   <system name="CCRMUM" guid="42BE9981272A11DDBFD9810463E37F75" qname="CCRMUM" status="ENABLED">
      <versionInfo>
         <ID>1304444397483</ID>
         <lastModifiedTime>Tue May 03 23:09:57 IST 2011</lastModifiedTime>
         <lastModifiedUser>oc4jadmin</lastModifiedUser>
      </versionInfo>
   </system>
   <system name="CPFGUM" guid="06475F9037FC11DD9F20577461655A3D" qname="CPFGUM" status="ENABLED">
      <versionInfo>
         <ID>1304444405469</ID>
         <lastModifiedTime>Tue May 03 23:10:05 IST 2011</lastModifiedTime>
         <lastModifiedUser>oc4jadmin</lastModifiedUser>
      </versionInfo>
   </system>
   <system name="Utilities" guid="BF95A011E6B711DCBF95850F8CBF23C1" qname="Utilities" status="ENABLED">
      <versionInfo>
         <ID>1304444414521</ID>
         <lastModifiedTime>Tue May 03 23:10:14 IST 2011</lastModifiedTime>
         <lastModifiedUser>oc4jadmin</lastModifiedUser>
      </versionInfo>
   </system>
   <system name="CCRMCM" guid="57DE9FA0CA5911DCBF970F3A989A46E5" qname="CCRMCM" status="ENABLED">
      <versionInfo>
         <ID>1307450404045</ID>
         <lastModifiedTime>Tue Jun 07 18:10:04 IST 2011</lastModifiedTime>
         <lastModifiedUser>oc4jadmin</lastModifiedUser>
      </versionInfo>
   </system>
   <system name="CSPM" guid="1BDB8C60647411DDBFCABB87AB8A98B0" qname="CSPM" status="ENABLED">
      <versionInfo>
         <ID>1306147423754</ID>
         <lastModifiedTime>Mon May 23 16:13:43 IST 2011</lastModifiedTime>
         <lastModifiedUser>JDev_temp_CRM61PricePublish_PM_SystemGroupCreation_inkaban3ua-eai01</lastModifiedUser>
      </versionInfo>
   </system>
   <system name="CSZ" guid="61BA38B1518411DDBFD26936F999323C" qname="CSZ" status="ENABLED">
      <versionInfo>
         <ID>1304444450383</ID>
         <lastModifiedTime>Tue May 03 23:10:50 IST 2011</lastModifiedTime>
         <lastModifiedUser>oc4jadmin</lastModifiedUser>
      </versionInfo>
   </system>
   <system name="CCRMPM" guid="DD10C171540711DDBFC9411E84FFBD0B" qname="CCRMPM" status="ENABLED">
      <versionInfo>
         <ID>1304444461521</ID>
         <lastModifiedTime>Tue May 03 23:11:01 IST 2011</lastModifiedTime>
         <lastModifiedUser>oc4jadmin</lastModifiedUser>
      </versionInfo>
   </system>
   <system name="SFDCAM" guid="5C21AEA1536011DDBFDBADB91B36EB4C" qname="SFDCAM" status="ENABLED">
      <versionInfo>
         <ID>1304444471389</ID>
         <lastModifiedTime>Tue May 03 23:11:11 IST 2011</lastModifiedTime>
         <lastModifiedUser>oc4jadmin</lastModifiedUser>
      </versionInfo>
   </system>
   <system name="ATHOM" guid="295D2900C77011DF8F043B063CD948C9" qname="ATHOM" status="ENABLED">
      <versionInfo>
         <ID>1304444479738</ID>
         <lastModifiedTime>Tue May 03 23:11:19 IST 2011</lastModifiedTime>
         <lastModifiedUser>oc4jadmin</lastModifiedUser>
      </versionInfo>
   </system>
   <system name="CSOM" guid="C892C5B0675711DC8F03050DEA138305" qname="CSOM" status="ENABLED">
      <versionInfo>
         <ID>1306147710725</ID>
         <lastModifiedTime>Mon May 23 16:18:30 IST 2011</lastModifiedTime>
         <lastModifiedUser>JDev_temp_CRM61OM_OM_ESBSystemGroupCreation_inkaban3ua-eai01</lastModifiedUser>
      </versionInfo>
   </system>
   <system name="CCRM" guid="C6ACDC3042A411DDBF3D15737720D607" qname="CCRM" status="ENABLED">
      <versionInfo>
         <ID>1304444507811</ID>
         <lastModifiedTime>Tue May 03 23:11:47 IST 2011</lastModifiedTime>
         <lastModifiedUser>oc4jadmin</lastModifiedUser>
      </versionInfo>
   </system>
   <system name="OM" guid="DC1D939120DD11DD9F260B174814EFB2" qname="OM" status="ENABLED">
      <versionInfo>
         <ID>1306147710725</ID>
         <lastModifiedTime>Mon May 23 16:18:30 IST 2011</lastModifiedTime>
         <lastModifiedUser>JDev_temp_CRM61OM_OM_ESBSystemGroupCreation_inkaban3ua-eai01</lastModifiedUser>
      </versionInfo>
   </system>
   <system name="SAPCM" guid="69E59B201C8811E09F50730AF755A998" qname="SAPCM" status="ENABLED">
      <versionInfo>
         <ID>1304444530517</ID>
         <lastModifiedTime>Tue May 03 23:12:10 IST 2011</lastModifiedTime>
         <lastModifiedUser>oc4jadmin</lastModifiedUser>
      </versionInfo>
   </system>
   <system name="SAPOM" guid="487505F0B73611DFBFB403E5477C6527" qname="SAPOM" status="ENABLED">
      <versionInfo>
         <ID>1306147662060</ID>
         <lastModifiedTime>Mon May 23 16:17:42 IST 2011</lastModifiedTime>
         <lastModifiedUser>JDev_temp_CRM61OM_CreateSystemSAPOM_inkaban3ua-eai01</lastModifiedUser>
      </versionInfo>
   </system>
   <system name="CCRMOM" guid="BCB4E661675711DC8F03050DEA138305" qname="CCRMOM" status="ENABLED">
      <versionInfo>
         <ID>1306147710725</ID>
         <lastModifiedTime>Mon May 23 16:18:30 IST 2011</lastModifiedTime>
         <lastModifiedUser>JDev_temp_CRM61OM_OM_ESBSystemGroupCreation_inkaban3ua-eai01</lastModifiedUser>
      </versionInfo>
   </system>
   <system name="TESTSystem" guid="9E6F07808B6111E0BFA2436637EC69AD" qname="TESTSystem" status="ENABLED">
      <versionInfo>
         <ID>1306837800283</ID>
         <lastModifiedTime>Tue May 31 16:00:00 IST 2011</lastModifiedTime>
         <lastModifiedUser>oc4jadmin</lastModifiedUser>
      </versionInfo>
   </system>
   <system name="TestGroup" guid="7F0B9400869111E08F2C1DE5DC482E3D" qname="TestGroup" status="ENABLED">
      <versionInfo>
         <ID>1306405610688</ID>
         <lastModifiedTime>Thu May 26 15:56:50 IST 2011</lastModifiedTime>
         <lastModifiedUser>oc4jadmin</lastModifiedUser>
      </versionInfo>
   </system>
   <system name="SAPPLI" guid="6FFD35407A0311DFAF3C9F07AE379727" qname="SAPPLI" status="ENABLED">
      <versionInfo>
         <ID>1306842782710</ID>
         <lastModifiedTime>Tue May 31 17:23:02 IST 2011</lastModifiedTime>
         <lastModifiedUser>oc4jadmin</lastModifiedUser>
      </versionInfo>
   </system>
   <system name="TESTTOM" guid="55782890DA0311E08F303731E189560F" qname="TESTTOM" status="ENABLED">
      <versionInfo>
         <ID>1315477460942</ID>
         <lastModifiedTime>Thu Sep 08 15:54:20 IST 2011</lastModifiedTime>
         <lastModifiedUser>oc4jadmin</lastModifiedUser>
      </versionInfo>
   </system>
   <system name="TRUSTAsset" guid="BCE023B0B10A11E0BFD8418DE1AE489B" qname="TRUSTAsset" status="ENABLED">
      <versionInfo>
         <ID>1314116999030</ID>
         <lastModifiedTime>Tue Aug 23 21:59:59 IST 2011</lastModifiedTime>
         <lastModifiedUser>JDev_temp_ESE_TRUSTAsset_SystemGroupCreation_inkaban3ua-eai01</lastModifiedUser>
      </versionInfo>
   </system>
   <system name="AccountGateway" guid="F9F0D860D2D611E0AF0781EA0477F4F9" qname="AccountGateway" status="ENABLED">
      <versionInfo>
         <ID>1316430239466</ID>
         <lastModifiedTime>Mon Sep 19 16:33:59 IST 2011</lastModifiedTime>
         <lastModifiedUser>JDev_AccountGateway_GetQuoteLine</lastModifiedUser>
      </versionInfo>
   </system>
   <system name="TOMContactStatus" guid="D4ED9D40DAB611E0BFB47B153EC8CA72" qname="TOMContactStatus" status="ENABLED">
      <versionInfo>
         <ID>1315895868410</ID>
         <lastModifiedTime>Tue Sep 13 12:07:48 IST 2011</lastModifiedTime>
         <lastModifiedUser>oc4jadmin</lastModifiedUser>
      </versionInfo>
   </system>
   <system name="ESO" guid="8838B120E16811E0BFBA37E46EFC5E2B" qname="ESO" status="ENABLED">
      <versionInfo>
         <ID>1316444245547</ID>
         <lastModifiedTime>Mon Sep 19 20:27:25 IST 2011</lastModifiedTime>
         <lastModifiedUser>oc4jadmin</lastModifiedUser>
      </versionInfo>
      <service name="ESOQM_QuoteCreationServRS" guid="B299D7F0E16811E0BFBA37E46EFC5E2B" qname="ESO.ESOQM_QuoteCreationServRS" status="ENABLED" serviceType="RoutingService" typeDescription="Routing Service" isWSDLEditable="false" soapEndpointStatus="ENABLED" dirty="true">
         <versionInfo>
            <ID>1316496167556</ID>
            <lastModifiedTime>Tue Sep 20 10:52:47 IST 2011</lastModifiedTime>
            <lastModifiedUser>JDev_ESO_ESOQM_QuoteCreationService</lastModifiedUser>
         </versionInfo>
         <parent guid="8838B120E16811E0BFBA37E46EFC5E2B" qname="ESO" type="system"/>
         <serviceDefinition>
            <wsdlURL>EAI.SRV.EXT.ESO.312_ReceiveESOQuotePublish.wsdl</wsdlURL>
            <portType xmlns:tns="http://www.reuters.com/ns/2011/09/12/GCAP/EAI/ESO/QM/ESOQuotePublish">tns:publishQuoteService</portType>
            <endpointDefinition>
               <concreteWSDLURL>/esb/wsil/ESO/ESOQM_QuoteCreationServRS?wsdl</concreteWSDLURL>
               <soapEndpointURI>http://inkaban3ua-eai01:7777/event/ESO/ESOQM_QuoteCreationServRS</soapEndpointURI>
            </endpointDefinition>
         </serviceDefinition>
         <operations>
            <operationInfo guid="B299D7F1E16811E0BFBA37E46EFC5E2B" qname="ESO.ESOQM_QuoteCreationServRS.GenerateQuote" wsdlOperation="GenerateQuote" mepDisplayName="Request Response" mep="RequestResponse">
               <request validate="false" element="tns:GenerateQuote" xmlns:tns="http://www.reuters.com/ns/2011/09/12/GCAP/EAI/ESO/QM/ESOQuotePublish"/>
               <reply validate="false" element="tns:GenerateQuoteResponse" schemaLocation="esb:///ESB_Projects/ESO_ESOQM_QuoteCreationService/EAI.SRV.EXT.ESO.312_ReceiveESOQuotePublish.wsdl" xmlns:tns="http://www.reuters.com/ns/2011/09/12/GCAP/EAI/ESO/QM/ESOQuotePublish"/>
               <routingRules>
                  <routingRule guid="E4F15870E2CD11E09F452913D494F2BB" executionType="Immediate" subscriptionType="ANY">
                     <transformation>
                        <xslFileURL>GenerateQuote_To_GenerateQuote.xsl</xslFileURL>
                     </transformation>
                  </routingRule>
               </routingRules>
            </operationInfo>
         </operations>
      </service>
      <service name="PropagateQuoteRequestSoapService" guid="B0F186F1E83E11E0BFC24154A7875C34" qname="ESO.PropagateQuoteRequestSoapService" serviceType="ExternalService" typeDescription="Soap Invocation Service" isWSDLEditable="false" xmlns:tns="http://xmlns.oracle.com/CCRMQM_PropagateQuoteRequestMsg" dirty="true" soapEndpointStatus="ENABLED">
         <parent guid="8838B120E16811E0BFBA37E46EFC5E2B" qname="ESO" type="system"/>
         <serviceDefinition>
            <wsdlURL>http://inkaban3ua-eai01:7777/orabpel/ccrmsync/CCRMQM_PropagateQuoteRequestMsg/CCRMQM_PropagateQuoteRequestMsg?wsdl</wsdlURL>
            <portType>tns:CCRMQM_PropagateQuoteRequestMsg</portType>
         </serviceDefinition>
         <operations>
            <operationInfo wsdlOperation="process" guid="B0FFDED0E83E11E0BFC24154A7875C34" mep="RequestResponse"/>
         </operations>
      </service>
   </system>
   <system name="TOMSTATUS" guid="9AB8F4E0DDD511E08F314BB221418901" qname="TOMSTATUS" status="ENABLED">
      <versionInfo>
         <ID>1315898229701</ID>
         <lastModifiedTime>Tue Sep 13 12:47:09 IST 2011</lastModifiedTime>
         <lastModifiedUser>oc4jadmin</lastModifiedUser>
      </versionInfo>
   </system>
   <system name="PPDS" guid="50AC9BD0E53D11E0BFD6D390D168BDAA" qname="PPDS" status="ENABLED">
      <versionInfo>
         <ID>1316747158488</ID>
         <lastModifiedTime>Fri Sep 23 08:35:58 IST 2011</lastModifiedTime>
         <lastModifiedUser>JDev_PPDS_PPDS</lastModifiedUser>
      </versionInfo>
   </system>
   <system name="AGATEWAY" guid="4E8A0160E2B511E0BF8A29DAD38E16D6" qname="AGATEWAY" status="ENABLED">
      <versionInfo>
         <ID>1317037832112</ID>
         <lastModifiedTime>Mon Sep 26 17:20:32 IST 2011</lastModifiedTime>
         <lastModifiedUser>JDev_temp_AccountGateway_SRESB_inkaban3ua-eai01</lastModifiedUser>
      </versionInfo>
   </system>
</metadata>
