<?xml version="1.0" encoding="UTF-8"?>
<composite name="CCRMQM_QuoteStatusDispatcher" revision="2.0" mode="active" state="on" xmlns="http://xmlns.oracle.com/sca/1.0" xmlns:ui="http://xmlns.oracle.com/soa/designer/"
           xmlns:xs="http://www.w3.org/2001/XMLSchema">
    <import location="CCRMQM_QuoteStatusDispatcher.wsdl" namespace="http://xmlns.oracle.com/CCRMQM_QuoteStatusDispatcher"/>
    <import namespace="http://xmlns.oracle.com/ESOQM_PropagateQuoteSubmitStatus"
            location="http://inkaban3ua-eai05:8000/soa-infra/services/CRMASYNC/ESOQM_PropagateQuoteSubmitStatus/ESOQM_PropagateQuoteSubmitStatus.wsdl"
            importType="wsdl"/>
    <service ui:wsdlLocation="CCRMQM_QuoteStatusDispatcher.wsdl" name="CCRMQM_QuoteStatusDispatcher">
        <interface.wsdl interface="http://xmlns.oracle.com/CCRMQM_QuoteStatusDispatcher#wsdl.interface(CCRMQM_QuoteStatusDispatcher)" callbackInterface="http://xmlns.oracle.com/CCRMQM_QuoteStatusDispatcher#wsdl.interface(CCRMQM_QuoteStatusDispatcherCallback)" xmlns:ns="http://xmlns.oracle.com/sca/1.0"/>
        <binding.ws port="http://xmlns.oracle.com/CCRMQM_QuoteStatusDispatcher#wsdl.endpoint(CCRMQM_QuoteStatusDispatcher/CCRMQM_QuoteStatusDispatcher)" xmlns:ns="http://xmlns.oracle.com/sca/1.0"/>
    </service>
    <component name="CCRMQM_QuoteStatusDispatcherProcess">
        <implementation.bpel src="CCRMQM_QuoteStatusDispatcherProcess.bpel"/>
    </component>
    <reference ui:wsdlLocation="http://inkaban3ua-eai05:8000/soa-infra/services/CRMASYNC/ESOQM_PropagateQuoteSubmitStatus/ESOQM_PropagateQuoteSubmitStatus.wsdl" name="ESOQM_PropagateQuoteSubmitStatus">
        <interface.wsdl interface="http://xmlns.oracle.com/ESOQM_PropagateQuoteSubmitStatus#wsdl.interface(ESOQM_PropagateQuoteSubmitStatus)"
                        callbackInterface="http://xmlns.oracle.com/ESOQM_PropagateQuoteSubmitStatus#wsdl.interface(ESOQM_PropagateQuoteSubmitStatusCallback)"/>
        <binding.ws port="http://xmlns.oracle.com/ESOQM_PropagateQuoteSubmitStatus#wsdl.endpoint(ESOQM_PropagateQuoteSubmitStatus/ESOQM_PropagateQuoteSubmitStatus)"
                    location="http://inkaban3ua-eai05:8000/soa-infra/services/CRMASYNC/ESOQM_PropagateQuoteSubmitStatus/client?WSDL"
                    soapVersion="1.1"/>
        <callback>
            <binding.ws port="http://xmlns.oracle.com/ESOQM_PropagateQuoteSubmitStatus#wsdl.endpoint(ESOQM_PropagateQuoteSubmitStatus/ESOQM_PropagateQuoteSubmitStatusCallback_pt)"/>
        </callback>
    </reference>
    <wire>
        <source.uri>CCRMQM_QuoteStatusDispatcher</source.uri>
        <target.uri>CCRMQM_QuoteStatusDispatcherProcess/CCRMQM_QuoteStatusDispatcher</target.uri>
    </wire>
    <wire>
        <source.uri>CCRMQM_QuoteStatusDispatcherProcess/ESOQM_PropagateQuoteSubmitStatus</source.uri>
        <target.uri>ESOQM_PropagateQuoteSubmitStatus</target.uri>
    </wire>
</composite>